-- MySQL dump 10.13  Distrib 8.0.36, for Win64 (x86_64)
--
-- Host: 127.0.0.1    Database: full-stack-ecommerce
-- ------------------------------------------------------
-- Server version	8.0.36

/*!40101 SET @OLD_CHARACTER_SET_CLIENT=@@CHARACTER_SET_CLIENT */;
/*!40101 SET @OLD_CHARACTER_SET_RESULTS=@@CHARACTER_SET_RESULTS */;
/*!40101 SET @OLD_COLLATION_CONNECTION=@@COLLATION_CONNECTION */;
/*!50503 SET NAMES utf8 */;
/*!40103 SET @OLD_TIME_ZONE=@@TIME_ZONE */;
/*!40103 SET TIME_ZONE='+00:00' */;
/*!40014 SET @OLD_UNIQUE_CHECKS=@@UNIQUE_CHECKS, UNIQUE_CHECKS=0 */;
/*!40014 SET @OLD_FOREIGN_KEY_CHECKS=@@FOREIGN_KEY_CHECKS, FOREIGN_KEY_CHECKS=0 */;
/*!40101 SET @OLD_SQL_MODE=@@SQL_MODE, SQL_MODE='NO_AUTO_VALUE_ON_ZERO' */;
/*!40111 SET @OLD_SQL_NOTES=@@SQL_NOTES, SQL_NOTES=0 */;

--
-- Table structure for table `address`
--

DROP TABLE IF EXISTS `address`;
/*!40101 SET @saved_cs_client     = @@character_set_client */;
/*!50503 SET character_set_client = utf8mb4 */;
CREATE TABLE `address` (
  `id` bigint NOT NULL AUTO_INCREMENT,
  `city` varchar(255) DEFAULT NULL,
  `country` varchar(255) DEFAULT NULL,
  `state` varchar(255) DEFAULT NULL,
  `street` varchar(255) DEFAULT NULL,
  `zip_code` varchar(255) DEFAULT NULL,
  PRIMARY KEY (`id`)
) ENGINE=InnoDB AUTO_INCREMENT=15 DEFAULT CHARSET=utf8mb4 COLLATE=utf8mb4_0900_ai_ci;
/*!40101 SET character_set_client = @saved_cs_client */;

--
-- Dumping data for table `address`
--

LOCK TABLES `address` WRITE;
/*!40000 ALTER TABLE `address` DISABLE KEYS */;
INSERT INTO `address` VALUES (1,'Simpang Renggam','MALAYSIA','Johor','12,Jalan bayu','48200'),(2,'Simpang Renggam','MALAYSIA','Johor','12,Jalan bayu','48200'),(3,'Simpang Renggam','MALAYSIA','Johor','12,Jalan bayu','48200'),(4,'Simpang Renggam','MALAYSIA','Johor','12,Jalan bayu','48200'),(5,'Simpang Renggam','MALAYSIA','Johor','12,Jalan bayu','48200'),(6,'Simpang Renggam','MALAYSIA','Johor','12,Jalan bayu','48200'),(7,'Ampang','MALAYSIA','Kuala Lumpur','13, Jalan Teratai','31237'),(8,'Ampang','MALAYSIA','Kuala Lumpur','13, Jalan Teratai','31237'),(9,'Ampang','MALAYSIA','Kuala Lumpur','13, Jalan Teratai','31237'),(10,'Ampang','MALAYSIA','Kuala Lumpur','13, Jalan Teratai','31237'),(11,'Ampang','MALAYSIA','Johor','13, Jalan Teratai','31237'),(12,'Ampang','MALAYSIA','Johor','13, Jalan Teratai','31237'),(13,'Simpang Renggam','MALAYSIA','Johor','12,Jalan bayu','48200'),(14,'Simpang Renggam','MALAYSIA','Johor','12,Jalan bayu','48200');
/*!40000 ALTER TABLE `address` ENABLE KEYS */;
UNLOCK TABLES;

--
-- Table structure for table `country`
--

DROP TABLE IF EXISTS `country`;
/*!40101 SET @saved_cs_client     = @@character_set_client */;
/*!50503 SET character_set_client = utf8mb4 */;
CREATE TABLE `country` (
  `id` smallint unsigned NOT NULL,
  `code` varchar(2) DEFAULT NULL,
  `name` varchar(255) DEFAULT NULL,
  PRIMARY KEY (`id`)
) ENGINE=InnoDB DEFAULT CHARSET=utf8mb4 COLLATE=utf8mb4_0900_ai_ci;
/*!40101 SET character_set_client = @saved_cs_client */;

--
-- Dumping data for table `country`
--

LOCK TABLES `country` WRITE;
/*!40000 ALTER TABLE `country` DISABLE KEYS */;
INSERT INTO `country` VALUES (1,'MY','MALAYSIA');
/*!40000 ALTER TABLE `country` ENABLE KEYS */;
UNLOCK TABLES;

--
-- Table structure for table `customer`
--

DROP TABLE IF EXISTS `customer`;
/*!40101 SET @saved_cs_client     = @@character_set_client */;
/*!50503 SET character_set_client = utf8mb4 */;
CREATE TABLE `customer` (
  `id` bigint NOT NULL AUTO_INCREMENT,
  `first_name` varchar(255) DEFAULT NULL,
  `last_name` varchar(255) DEFAULT NULL,
  `email` varchar(255) DEFAULT NULL,
  PRIMARY KEY (`id`)
) ENGINE=InnoDB AUTO_INCREMENT=3 DEFAULT CHARSET=utf8mb4 COLLATE=utf8mb4_0900_ai_ci;
/*!40101 SET character_set_client = @saved_cs_client */;

--
-- Dumping data for table `customer`
--

LOCK TABLES `customer` WRITE;
/*!40000 ALTER TABLE `customer` DISABLE KEYS */;
INSERT INTO `customer` VALUES (1,'siti','zulaikha','siti@test.com'),(2,'aina','amira','amira@test.com');
/*!40000 ALTER TABLE `customer` ENABLE KEYS */;
UNLOCK TABLES;

--
-- Table structure for table `local_user`
--

DROP TABLE IF EXISTS `local_user`;
/*!40101 SET @saved_cs_client     = @@character_set_client */;
/*!50503 SET character_set_client = utf8mb4 */;
CREATE TABLE `local_user` (
  `id` bigint NOT NULL AUTO_INCREMENT,
  `email` varchar(320) NOT NULL,
  `first_name` varchar(255) NOT NULL,
  `last_name` varchar(255) NOT NULL,
  `password` varchar(1000) NOT NULL,
  `username` varchar(255) NOT NULL,
  PRIMARY KEY (`id`),
  UNIQUE KEY `UK_46f7ufu7j9nkhuyfly98to4u1` (`email`),
  UNIQUE KEY `UK_93d93k106ik2383youkc9bixl` (`username`)
) ENGINE=InnoDB DEFAULT CHARSET=utf8mb4 COLLATE=utf8mb4_0900_ai_ci;
/*!40101 SET character_set_client = @saved_cs_client */;

--
-- Dumping data for table `local_user`
--

LOCK TABLES `local_user` WRITE;
/*!40000 ALTER TABLE `local_user` DISABLE KEYS */;
/*!40000 ALTER TABLE `local_user` ENABLE KEYS */;
UNLOCK TABLES;

--
-- Table structure for table `order_item`
--

DROP TABLE IF EXISTS `order_item`;
/*!40101 SET @saved_cs_client     = @@character_set_client */;
/*!50503 SET character_set_client = utf8mb4 */;
CREATE TABLE `order_item` (
  `id` bigint NOT NULL AUTO_INCREMENT,
  `image_url` varchar(255) DEFAULT NULL,
  `quantity` int DEFAULT NULL,
  `unit_price` decimal(38,2) DEFAULT NULL,
  `order_id` bigint DEFAULT NULL,
  `product_id` bigint DEFAULT NULL,
  PRIMARY KEY (`id`),
  KEY `K_order_id` (`order_id`),
  KEY `FK_product_id` (`product_id`),
  CONSTRAINT `FK_order_id` FOREIGN KEY (`order_id`) REFERENCES `orders` (`id`),
  CONSTRAINT `FK_product_id` FOREIGN KEY (`product_id`) REFERENCES `product` (`id`)
) ENGINE=InnoDB AUTO_INCREMENT=21 DEFAULT CHARSET=utf8mb4 COLLATE=utf8mb4_0900_ai_ci;
/*!40101 SET character_set_client = @saved_cs_client */;

--
-- Dumping data for table `order_item`
--

LOCK TABLES `order_item` WRITE;
/*!40000 ALTER TABLE `order_item` DISABLE KEYS */;
INSERT INTO `order_item` VALUES (1,'assets\\images\\products\\OVERSHIRTS\\0706366800_2_1_1.jpg',1,49.00,1,87),(2,'assets\\images\\products\\OVERSHIRTS\\0706430916_2_1_1.jpg',1,84.00,1,88),(3,'assets\\images\\products\\BLAZERS\\0706576706_2_1_1.jpg',1,95.00,1,1),(4,'assets\\images\\products\\BLAZERS\\5734521707_2_1_1.jpg',1,77.00,2,13),(5,'assets\\images\\products\\BLAZERS\\1564414800_2_1_1.jpg',1,72.00,2,5),(6,'assets\\images\\products\\BLAZERS\\5899420800_2_1_1.jpg',1,51.00,3,16),(7,'assets\\images\\products\\BLAZERS\\5955218401_2_1_1.jpg',1,69.00,3,18),(8,'assets\\images\\products\\BLAZERS\\1564414800_2_1_1.jpg',1,72.00,3,5),(9,'assets\\images\\products\\BLAZERS\\5955063801_2_1_1.jpg',1,68.00,3,17),(10,'assets\\images\\products\\BLAZERS\\5734521707_2_1_1.jpg',1,77.00,3,13),(11,'assets\\images\\products\\OVERSHIRTS\\7446310712_2_1_1.jpg',1,90.00,4,104),(12,'assets\\images\\products\\T-SHIRTS\\6224396251_2_1_1.jpg',1,57.00,4,376),(13,'assets\\images\\products\\T-SHIRTS\\6224391807_6_2_1.jpg',1,77.00,4,374),(14,'assets\\images\\products\\OVERSHIRTS\\1063313015_2_1_1.jpg',1,87.00,4,89),(15,'assets\\images\\products\\OVERSHIRTS\\8281322615_2_1_1.jpg',1,66.00,5,107),(16,'assets\\images\\products\\BLAZERS\\1564100401_2_1_1.jpg',1,71.00,5,4),(17,'assets\\images\\products\\BLAZERS\\1564700401_2_1_1.jpg',2,66.00,6,6),(18,'assets\\images\\products\\JACKETS\\0706571707_2_1_1.jpg',1,53.00,6,27),(19,'assets\\images\\products\\BLAZERS\\1564100401_2_1_1.jpg',1,71.00,7,4),(20,'assets\\images\\products\\BLAZERS\\0706635800_2_1_1.jpg',1,74.00,7,3);
/*!40000 ALTER TABLE `order_item` ENABLE KEYS */;
UNLOCK TABLES;

--
-- Table structure for table `orders`
--

DROP TABLE IF EXISTS `orders`;
/*!40101 SET @saved_cs_client     = @@character_set_client */;
/*!50503 SET character_set_client = utf8mb4 */;
CREATE TABLE `orders` (
  `id` bigint NOT NULL AUTO_INCREMENT,
  `order_tracking_number` varchar(255) DEFAULT NULL,
  `total_price` decimal(38,2) DEFAULT NULL,
  `total_quantity` int DEFAULT NULL,
  `billing_address_id` bigint DEFAULT NULL,
  `customer_id` bigint DEFAULT NULL,
  `shipping_address_id` bigint DEFAULT NULL,
  `status` varchar(128) DEFAULT NULL,
  `date_created` datetime(6) DEFAULT NULL,
  `last_updated` datetime(6) DEFAULT NULL,
  `transaction_number` varchar(255) DEFAULT NULL,
  PRIMARY KEY (`id`),
  UNIQUE KEY `UK_billing_address_id` (`billing_address_id`),
  UNIQUE KEY `UK_shipping_address_id` (`shipping_address_id`),
  KEY `K_customer_id` (`customer_id`),
  CONSTRAINT `FK_billing_address_id` FOREIGN KEY (`billing_address_id`) REFERENCES `address` (`id`),
  CONSTRAINT `FK_customer_id` FOREIGN KEY (`customer_id`) REFERENCES `customer` (`id`),
  CONSTRAINT `FK_shipping_address_id` FOREIGN KEY (`shipping_address_id`) REFERENCES `address` (`id`)
) ENGINE=InnoDB AUTO_INCREMENT=8 DEFAULT CHARSET=utf8mb4 COLLATE=utf8mb4_0900_ai_ci;
/*!40101 SET character_set_client = @saved_cs_client */;

--
-- Dumping data for table `orders`
--

LOCK TABLES `orders` WRITE;
/*!40000 ALTER TABLE `orders` DISABLE KEYS */;
INSERT INTO `orders` VALUES (1,'5edf537e-a910-4d56-a1ea-d77988feda56',228.00,3,1,1,2,'Pending','2024-05-18 14:42:29.753000','2024-05-18 14:42:29.753000',NULL),(2,'6b04e876-41ab-4fed-ab72-65caf41ceda0',149.00,2,3,1,4,'Pending','2024-05-18 21:11:27.676000','2024-05-18 21:11:27.676000',NULL),(3,'f38af218-27ab-477d-98c7-3a4c5a15561d',337.00,5,5,1,6,'Pending','2024-05-19 18:16:34.589000','2024-05-19 18:16:34.589000',NULL),(4,'62f3e27d-9c3d-45ea-a635-dbdde8a816e5',311.00,4,7,2,8,'Pending','2024-05-19 18:38:14.824000','2024-05-19 18:38:14.825000','f736dafc-c855-4bb9-a3ed-2f5a7abe4efe'),(5,'5f073fb6-e758-4694-915b-c0cb12489b9e',137.00,2,9,2,10,'Pending','2024-05-19 18:42:02.334000','2024-05-19 18:42:02.334000','0cff7743-ae01-4fa1-8256-2ec1fd8695d9'),(6,'2c6b8fe3-4bcd-4770-b250-641688c29aa0',185.00,3,11,2,12,'Pending','2024-05-20 09:40:58.267000','2024-05-20 09:40:58.267000','596b407b-fe9d-43ba-ba6a-2e1b5b74b59d'),(7,'c5e309f5-ed17-4950-bf30-85e233ae39b4',145.00,2,13,1,14,'Pending','2024-05-20 09:57:47.811000','2024-05-20 09:57:47.811000','67b73c5d-1d9e-4cb5-9653-2eab6a5d0cf2');
/*!40000 ALTER TABLE `orders` ENABLE KEYS */;
UNLOCK TABLES;

--
-- Table structure for table `product`
--

DROP TABLE IF EXISTS `product`;
/*!40101 SET @saved_cs_client     = @@character_set_client */;
/*!50503 SET character_set_client = utf8mb4 */;
CREATE TABLE `product` (
  `id` bigint NOT NULL AUTO_INCREMENT,
  `sku` varchar(255) DEFAULT NULL,
  `name` varchar(255) DEFAULT NULL,
  `description` varchar(255) DEFAULT NULL,
  `unit_price` decimal(38,2) DEFAULT NULL,
  `image_url` varchar(255) DEFAULT NULL,
  `active` bit(1) DEFAULT b'1',
  `units_in_stock` int DEFAULT NULL,
  `date_created` datetime(6) DEFAULT NULL,
  `last_updated` datetime(6) DEFAULT NULL,
  `category_id` bigint NOT NULL,
  PRIMARY KEY (`id`),
  KEY `fk_category_idx` (`category_id`),
  CONSTRAINT `fk_category` FOREIGN KEY (`category_id`) REFERENCES `product_category` (`id`)
) ENGINE=InnoDB AUTO_INCREMENT=384 DEFAULT CHARSET=utf8mb4 COLLATE=utf8mb4_0900_ai_ci;
/*!40101 SET character_set_client = @saved_cs_client */;

--
-- Dumping data for table `product`
--

LOCK TABLES `product` WRITE;
/*!40000 ALTER TABLE `product` DISABLE KEYS */;
INSERT INTO `product` VALUES (1,'1301','BASIC BLAZER','Straight-fit blazer with a notched lapel collar and long sleeves with buttoned cuffs. Patch pockets at the hip and an inside pocket detail. Back vents at the hem. Buttoned front.',95.00,'assets\\images\\products\\BLAZERS\\0706576706_2_1_1.jpg',_binary '\0',20,'2022-05-17 22:38:13.000000',NULL,1),(2,'1302','100% WOOL SUIT BLAZER - LIMITED EDITION','Blazer made of wool. Peak lapel collar and long sleeves with buttoned cuffs. Open chest pocket and flap pockets on the hip. Inner pocket detail. Back vent at the centre of the hem and a button-up front.',82.00,'assets\\images\\products\\BLAZERS\\0706606800_2_1_1.jpg',_binary '\0',20,'2022-05-18 22:38:13.000000',NULL,1),(3,'1303','100% WOOL SUIT BLAZER','Blazer made of Italian wool fabric. Notch lapel collar and long sleeves with buttoned cuffs. Chest welt pocket and hip flap pockets. Interior pocket detail. Back vents at the hem. Button-up front.',74.00,'assets\\images\\products\\BLAZERS\\0706635800_2_1_1.jpg',_binary '\0',20,'2022-05-19 22:38:13.000000',NULL,1),(4,'1304','100% WOOL PINSTRIPE SUIT BLAZER','Straight fit blazer made of Italian wool fabric. Notched lapel collar and long sleeves with buttoned cuffs. Chest welt pocket and flap pockets on the hip. Inner pocket detail. Back vents at the hem and a button-up front.',71.00,'assets\\images\\products\\BLAZERS\\1564100401_2_1_1.jpg',_binary '\0',20,'2022-05-20 22:38:13.000000',NULL,1),(5,'1305','100% WOOL OVERSIZE BLAZER','Oversize blazer made of wool. Notched lapel collar and long sleeves with buttoned cuffs. Hip flap pockets and inside pocket detail. Central back vent at the hem. Buttoned front.',72.00,'assets\\images\\products\\BLAZERS\\1564414800_2_1_1.jpg',_binary '\0',20,'2022-05-21 22:38:13.000000',NULL,1),(6,'1306','SLIM FIT SUIT BLAZER','Blazer with a notched lapel collar. Long sleeves with button details on the cuffs. Chest welt pocket and hip flap pockets. Inside pocket detail. Front button fastening.',66.00,'assets\\images\\products\\BLAZERS\\1564700401_2_1_1.jpg',_binary '\0',20,'2022-05-22 22:38:13.000000',NULL,1),(7,'1307','CHECKED SUIT BLAZER','Straight fit blazer with a notched lapel collar. Long sleeves with buttoned cuffs. Chest welt pocket and flap hip pockets. Inside pocket detail. Back vents at the hem. Front button fastening.',84.00,'assets\\images\\products\\BLAZERS\\4025227800_2_1_1.jpg',_binary '\0',20,'2022-05-23 22:38:13.000000',NULL,1),(8,'1308','CHECKED SUIT BLAZER','Regular-fit blazer with a notched lapel collar. Long sleeves with buttoned cuffs. Chest welt pocket and hip flap pocket. Inside pocket detail. Back vents at the hem. Buttoned front.',86.00,'assets\\images\\products\\BLAZERS\\4470003251_2_1_1.jpg',_binary '\0',20,'2022-05-24 22:38:13.000000',NULL,1),(9,'1309','SUIT BLAZER','Straight fit blazer with a notched lapel collar, long sleeves with buttoned cuffs, flap pockets at the hip and an inside pocket. Central back vent at the hem and front button fastening.',46.00,'assets\\images\\products\\BLAZERS\\5623086819_2_1_1.jpg',_binary '\0',20,'2022-05-25 22:38:13.000000',NULL,1),(10,'1310','BLAZER WITH POCKETS','Relaxed fit blazer with a pointed lapel collar, long sleeves with buttoned cuffs, a patch pocket on the chest and patch pockets with flaps at the hip. Central back vent at the hem and front button fastening.',71.00,'assets\\images\\products\\BLAZERS\\5623243500_2_1_1.jpg',_binary '\0',20,'2022-05-26 22:38:13.000000',NULL,1),(11,'1311','STRAIGHT-FIT SUIT BLAZER','Straight-fit blazer. Notched lapel collar and long sleeves with buttoned cuffs. Flap pockets at the hip. Interior pocket detail. Hem with back vents. Front button fastening.',91.00,'assets\\images\\products\\BLAZERS\\5695519652_2_1_1.jpg',_binary '\0',20,'2022-05-27 22:38:13.000000',NULL,1),(12,'1312','SUIT BLAZER WITH IRREGULAR TRIMS','Relaxed fit blazer. Notched lapel collar. Long sleeves with buttoned cuffs. Hip flap pockets. Inner pocket detail. Back vents at the hem. Irregular trims. Front button fastening.',96.00,'assets\\images\\products\\BLAZERS\\5734502420_2_1_1.jpg',_binary '\0',20,'2022-05-28 22:38:13.000000',NULL,1),(13,'1313','RELAXED-FIT SUIT','Relaxed fit blazer with a notched lapel collar, long sleeves with buttoned cuffs, flap pockets at the hip and an inside pocket. Central back vent at the hem and front button fastening.',77.00,'assets\\images\\products\\BLAZERS\\5734521707_2_1_1.jpg',_binary '\0',20,'2022-05-29 22:38:13.000000',NULL,1),(14,'1314','SLIM-FIT SUIT WAISTCOAT','Slim-fit waistcoat with a V-neckline. Jetted pockets at the hip. Adjustable tabs at the back. Button-up front.',99.00,'assets\\images\\products\\BLAZERS\\5825507800_2_1_1.jpg',_binary '\0',20,'2022-05-30 22:38:13.000000',NULL,1),(15,'1315','BUTTONED WAISTCOAT','Waistcoat with a V-neckline. Featuring welt pockets at the waist and a button-up front.',73.00,'assets\\images\\products\\BLAZERS\\5828542800_2_1_1.jpg',_binary '\0',20,'2022-05-31 22:38:13.000000',NULL,1),(16,'1316','TEXTURED SUIT BLAZER','Slim-fit blazer with a notched lapel collar and long sleeves with buttoned cuffs. Welt pockets on the chest and at the hip. Inside pocket detail. Central back vent at the hem. Front button fastening.',51.00,'assets\\images\\products\\BLAZERS\\5899420800_2_1_1.jpg',_binary '\0',20,'2022-06-01 22:38:13.000000',NULL,1),(17,'1317','COMFORT BLAZER','Straight fit blazer made of highly stretchy fabric. Notched lapel collar and long sleeves. Hip welt pockets and inside pocket detail. Back vent at the hem. Front button fastening.',68.00,'assets\\images\\products\\BLAZERS\\5955063801_2_1_1.jpg',_binary '\0',20,'2022-06-02 22:38:13.000000',NULL,1),(18,'1318','100% LINEN SUIT BLAZER','Regular-fit blazer made of linen. Notched lapel collar and long sleeves with buttoned cuffs. Chest welt pocket and flap pockets on the hip. Inside pocket. Central back vent at the hem and a button-up front.Origins special collection.View more',69.00,'assets\\images\\products\\BLAZERS\\5955218401_2_1_1.jpg',_binary '\0',20,'2022-06-03 22:38:13.000000',NULL,1),(19,'1319','100% LINEN SUIT BLAZER','Straight fit blazer made of linen. Notched lapel collar. Long sleeves with buttoned cuffs. Chest welt pocket and hip flap pocket detail. Inner pocket detail. Back vents at the hem and a button-up front.',95.00,'assets\\images\\products\\BLAZERS\\6333062800_2_1_1.jpg',_binary '\0',20,'2022-06-04 22:38:13.000000',NULL,1),(20,'1320','100% LINEN DOUBLE-BREASTED BLAZER','Straight fit blazer made of linen. Lapel collar and long sleeves with buttoned cuffs. Chest welt pocket and patch pockets on the hip. Inner pocket detail. Back vents at the hem and a double-breasted button-up front.',82.00,'assets\\images\\products\\BLAZERS\\6452507708_2_5_1.jpg',_binary '\0',20,'2022-06-05 22:38:13.000000',NULL,1),(21,'1321','100% LINEN WAISTCOAT','Linen waistcoat. V-neckline and no sleeves. Welt pockets at the waist. Button-up front.',45.00,'assets\\images\\products\\BLAZERS\\7380302800_2_1_1.jpg',_binary '\0',20,'2022-06-06 22:38:13.000000',NULL,1),(22,'1322','SEERSUCKER BLAZER','Regular-fit blazer. Notched lapel collar and long sleeves. Hip flap pockets. Front button fastening.',80.00,'assets\\images\\products\\BLAZERS\\7380677658_2_6_1.jpg',_binary '\0',20,'2022-06-07 22:38:13.000000',NULL,1),(23,'1323','FADED LEATHER EFFECT JACKET','Faded leather effect jacket. Lapel collar and long sleeves with adjustable zip cuffs. Hip welt pockets with zip fastening. Zip-up front.',70.00,'assets\\images\\products\\JACKETS\\0706301500_2_1_1.jpg',_binary '\0',20,'2022-06-08 22:38:13.000000',NULL,2),(24,'1324','FAUX LEATHER JACKET','Jacket made of faux leather fabric. Lapel collar with snap-button details. Long sleeves with zip cuffs. Front zip pockets on the chest and hip. Inside pocket. Asymmetric metal zip-up front.',49.00,'assets\\images\\products\\JACKETS\\0706304420_2_5_1.jpg',_binary '\0',20,'2022-06-09 22:38:13.000000',NULL,2),(25,'1325','FAUX LEATHER BOMBER JACKET','Jacket made of faux leather fabric. High neck and long sleeves. Welt pockets at the hip and interior pocket detail. Ribbed trims. Front zip fastening.',65.00,'assets\\images\\products\\JACKETS\\0706507409_2_1_1.jpg',_binary '\0',20,'2022-06-10 22:38:13.000000',NULL,2),(26,'1326','FAUX LEATHER JACKET','Collared jacket with long sleeves and elasticated cuffs. Welt pockets on the chest and hip. Ribbed hem. Zip-up front.',61.00,'assets\\images\\products\\JACKETS\\0706555523_2_1_1.jpg',_binary '\0',20,'2022-06-11 22:38:13.000000',NULL,2),(27,'1327','SATIN JACKET WITH EMBROIDERED SLOGAN','Satin varsity jacket. Jetted hip pockets and inside pocket detail. Contrast embroidery on the back. Ribbed trims. Front zip fastening.',53.00,'assets\\images\\products\\JACKETS\\0706571707_2_1_1.jpg',_binary '\0',20,'2022-06-12 22:38:13.000000',NULL,2),(28,'1328','BOMBER JACKET WITH PATCH','Varsity jacket made of faux suede fabric. Jetted hip pockets and inside pocket detail. Contrast embroidery and patch appliqués on the front and back. Ribbed trims. Snap-buttons down the front.',48.00,'assets\\images\\products\\JACKETS\\1437149705_2_1_1.jpg',_binary '\0',20,'2022-06-13 22:38:13.000000',NULL,2),(29,'1329','HOODED BOMBER JACKET','Varsity jacket with a hood in the collar. Long sleeves with elasticated cuffs. Jetted pockets at the hip and inside pocket detail. Contrast patches and embroidery on the front and back. Ribbed trims. Snap-button front.',51.00,'assets\\images\\products\\JACKETS\\1538301802_2_1_1.jpg',_binary '\0',20,'2022-06-14 22:38:13.000000',NULL,2),(30,'1330','BOMBER JACKET WITH PATCH','Varsity jacket made of lightweight fabric. Jetted hip pockets and inside pocket detail. Contrast patches and embroidery on the front. Ribbed trims. Snap-button front.',86.00,'assets\\images\\products\\JACKETS\\1538305506_2_1_1.jpg',_binary '\0',20,'2022-06-15 22:38:13.000000',NULL,2),(31,'1331','SEERSUCKER JACKET WITH POCKETS','Relaxed fit jacket featuring a high neck and long sleeves with elastic cuffs. Patch pockets with flaps at the hip. Adjustable hem with elastic details on the front. Front zip fastening.',61.00,'assets\\images\\products\\JACKETS\\1538320802_2_1_1.jpg',_binary '\0',20,'2022-06-16 22:38:13.000000',NULL,2),(33,'1332','TEXTURED JACKET','Jacket with a slightly padded interior. Contrast collar. Long sleeves with buttoned cuffs. Faded effect. Double welt pockets on the chest and hip. Front zip-up fastening.',60.00,'assets\\images\\products\\JACKETS\\1538452807_2_1_1.jpg',_binary '\0',20,'2022-06-17 22:38:13.000000',NULL,2),(34,'1333','FAUX SUEDE EMBROIDERED JACKET','Collared varsity jacket made of faux suede. Long sleeves. Jetted hip pockets and inside pocket detail. Contrast patch and embroidery on the front and back. Ribbed trims. Snap-button front fastening.',92.00,'assets\\images\\products\\JACKETS\\1732312700_2_1_1.jpg',_binary '\0',20,'2022-06-18 22:38:13.000000',NULL,2),(35,'1334','TECHNICAL JACKET','Jacket made of technical fabric. Lapel collar and long sleeves with elasticated trims. Hip welt pockets and inside pocket. Adjustable elasticated hem. Snap-button fastening on the front.',70.00,'assets\\images\\products\\JACKETS\\1732313737_2_1_1.jpg',_binary '\0',20,'2022-06-19 22:38:13.000000',NULL,2),(36,'1335','CONTRAST PRINT JACKET','Jacket made of a lightweight cotton fabric. Lapel collar and long sleeves with elasticated cuffs. Front hip pockets. Contrast prints on the chest and back. Elasticated hem. Front snap-button fastening.',58.00,'assets\\images\\products\\JACKETS\\1732314446_2_1_1.jpg',_binary '\0',20,'2022-06-20 22:38:13.000000',NULL,2),(38,'1337','PUFFER TECHNICAL JACKET','Jacket with quilted lining, made of technical fabric. High neck and long sleeves. Hip welt pockets and an inside pocket. Elastic trims. Zip-up front hidden by a snap-button placket.',61.00,'assets\\images\\products\\JACKETS\\3286500667_2_1_1.jpg',_binary '\0',20,'2022-06-22 22:38:13.000000',NULL,2),(40,'1339','100% WOOL COAT - LIMITED EDITION','Relaxed fit coat made of wool. Peak lapel collar and long sleeves. Welt pockets at the hip. Back vent at the centre of the hem. Button-up front.',90.00,'assets\\images\\products\\JACKETS\\3548304802_2_1_1.jpg',_binary '\0',20,'2022-06-24 22:38:13.000000',NULL,2),(41,'1340','TECHNICAL TRENCH COAT','Trench coat made of technical fabric. Lapel collar and long sleeves. Hip welt pockets. Interior pocket detail. Central back vent at the hem. Button-up front.',45.00,'assets\\images\\products\\JACKETS\\3833303615_2_1_1.jpg',_binary '\0',20,'2022-06-25 22:38:13.000000',NULL,2),(42,'1341','OVERSIZE TRENCH COAT - LIMITED EDITION','Collared oversize fit trench coat made of textured cotton. Featuring long sleeves, welt pockets at the hip and an inner pocket detail. Matching fabric belt around the waist. Central back pleat and front button fastening.',53.00,'assets\\images\\products\\JACKETS\\3833407800_2_1_1.jpg',_binary '\0',20,'2022-06-26 22:38:13.000000',NULL,2),(43,'1342','DOUBLE-BREASTED TECHNICAL TRENCH COAT','Trench coat made of technical fabric. Notch lapel collar and long sleeves. Hip flap pockets. Interior pocket detail. Matching belt in the same fabric. Central back vent at the hem. Front double-breasted button fastening.',77.00,'assets\\images\\products\\JACKETS\\3918310300_2_1_1.jpg',_binary '\0',20,'2022-06-27 22:38:13.000000',NULL,2),(44,'1343','GEOMETRIC JACQUARD DENIM JACKET','Collared jacket with long sleeves and buttoned cuffs. Flap pockets on the chest and welt hip pockets. Faded effect. Button-up front.',97.00,'assets\\images\\products\\JACKETS\\3918390522_2_1_1.jpg',_binary '\0',20,'2022-06-28 22:38:13.000000',NULL,2),(45,'1344','CROPPED DENIM JACKET','Faded cropped-fit collared jacket with long sleeves and buttoned cuffs. Patch pockets on the front. Irregular hem. Button-up front.',79.00,'assets\\images\\products\\JACKETS\\3918392251_2_1_1.jpg',_binary '\0',20,'2022-06-29 22:38:13.000000',NULL,2),(46,'1345','DENIM JACKET WITH IRREGULAR TRIMS','Round neck jacket with long sleeves and buttoned cuffs. Flap patch pockets on the chest and hip side pockets. Faded effect. Irregular trims. Cropped length. Button-up front hidden by a placket.',75.00,'assets\\images\\products\\JACKETS\\3918420800_2_1_1.jpg',_binary '\0',20,'2022-06-30 22:38:13.000000',NULL,2),(47,'1346','DENIM UTILITY GILET','Boxy fit sleeveless gilet. V-neck. Multi-purpose front pockets. Faded effect. Zip-up front hidden by a snap-button placket.',75.00,'assets\\images\\products\\JACKETS\\3918478251_2_1_1.jpg',_binary '\0',20,'2022-07-01 22:38:13.000000',NULL,2),(48,'1347','COLOURED ZIP-UP JACKET','Collared jacket with long sleeves and buttoned cuffs. Patch pocket on the chest and inside pocket detail. Faded effect. Front zip fastening.',46.00,'assets\\images\\products\\JACKETS\\3918482798_2_1_1.jpg',_binary '\0',20,'2022-07-02 22:38:13.000000',NULL,2),(49,'1348','LIGHTWEIGHT BOMBER JACKET','Lightweight jacket made of a technical fabric. Round neck and long sleeves. Hip welt pockets. Interior pocket detail. Ribbed trims. Front zip fastening.',70.00,'assets\\images\\products\\JACKETS\\4164401916_2_1_1.jpg',_binary '\0',20,'2022-07-03 22:38:13.000000',NULL,2),(50,'1349','FAUX SUEDE BOMBER JACKET','Lightweight jacket made of a faux suede fabric. High neck and long sleeves. Hip welt pockets. Ribbed trims. Front zip fastening.',51.00,'assets\\images\\products\\JACKETS\\4302407251_2_1_1.jpg',_binary '\0',20,'2022-07-04 22:38:13.000000',NULL,2),(51,'1350','JACKET WITH POCKETS','Faded regular-fit collared jacket with long sleeves and buttoned cuffs. Patch pockets with flaps at the hip. Button-up front.Origins special collection.View more',68.00,'assets\\images\\products\\JACKETS\\4302410707_2_1_1.jpg',_binary '\0',20,'2022-07-05 22:38:13.000000',NULL,2),(52,'1351','TECHNICAL BOMBER JACKET','Jacket made of technical fabric. High neck and long sleeves with pocket detail. Hip flap pockets. Ribbed trims. Hem that can be adjusted at the sides with a zip. Zip-up front.',58.00,'assets\\images\\products\\JACKETS\\4302413251_2_1_1.jpg',_binary '\0',20,'2022-07-06 22:38:13.000000',NULL,2),(53,'1352','JACKET WITH CONTRAST TOPSTITCHING','Boxy-fit jacket. Lapel collar and long sleeves with elasticated cuffs. Patch pockets with flaps at the hip. Elasticated hem. Faded effect. Zip-up front.',95.00,'assets\\images\\products\\JACKETS\\4302520711_2_1_1.jpg',_binary '\0',20,'2022-07-07 22:38:13.000000',NULL,2),(54,'1353','DENIM JACKET WITH CONTRAST TOPSTITCHING','Collared jacket featuring long sleeves with buttoned cuffs. Chest patch pockets and hip welt pockets. Contrast topstitching all over the garment. Button-up front fastening.',89.00,'assets\\images\\products\\JACKETS\\4302535712_2_1_1.jpg',_binary '\0',20,'2022-07-08 22:38:13.000000',NULL,2),(55,'1354','JACKET WITH CONTRAST TOPSTITCHING','Collared jacket made of textured cotton. Long sleeves with buttoned cuffs. Front patch pockets. Contrast topstitching detail all over the garment. Zip-up front.',74.00,'assets\\images\\products\\JACKETS\\4365311406_6_1_1.jpg',_binary '\0',20,'2022-07-09 22:38:13.000000',NULL,2),(56,'1355','FLORAL JACQUARD JACKET','Relaxed-fit jacket with long sleeves and snap button cuffs. Patch pockets on the hip. Button-up front.',78.00,'assets\\images\\products\\JACKETS\\4391403804_2_1_1.jpg',_binary '\0',20,'2022-07-10 22:38:13.000000',NULL,2),(57,'1356','DIAMOND JACQUARD JACKET','Quilted jacket featuring a lapel collar and long sleeves with buttoned cuffs. Hip flap pockets. Adjustable hem with drawstring on the front. Button-up front.',63.00,'assets\\images\\products\\JACKETS\\5070330802_2_1_1.jpg',_binary '\0',20,'2022-07-11 22:38:13.000000',NULL,2),(58,'1357','FLORAL JACQUARD JACKET','Collared cropped jacket with long sleeves with snap-button cuffs. Featuring hip patch pockets with flaps and front snap-button fastening hidden by a snap-button placket.',67.00,'assets\\images\\products\\JACKETS\\5320401251_2_1_1.jpg',_binary '\0',20,'2022-07-12 22:38:13.000000',NULL,2),(59,'1358','JACKET WITH MAO COLLAR','Jacket made of a cotton blend fabric. High neck and long sleeves. Hip welt pockets. Ribbed trims. Zip fastening on the front.',82.00,'assets\\images\\products\\JACKETS\\5520316700_2_1_1.jpg',_binary '\0',20,'2022-07-13 22:38:13.000000',NULL,2),(60,'1359','UTILITY JACKET WITH POCKETS','Jacket made of lightweight cotton fabric. Adjustable high neck with drawstring. Long sleeves with snap-button cuffs. Patch pockets with flaps on the front and sleeves. Zip-up front hidden by a snap-button placket.',96.00,'assets\\images\\products\\JACKETS\\5520366251_2_1_1.jpg',_binary '\0',20,'2022-07-14 22:38:13.000000',NULL,2),(62,'1361','COLOUR BLOCK TECHNICAL JACKET','Jacket made of a lightweight technical fabric. High neck and long sleeves with elasticated cuffs. Front hip pockets. Elasticated hem. Front zip fastening.',58.00,'assets\\images\\products\\JACKETS\\5841253800_2_1_1.jpg',_binary '\0',20,'2022-07-16 22:38:13.000000',NULL,2),(63,'1362','TEXTURED WEAVE TECHNICAL JACKET','Oversize-fit jacket made of technical fabric with ripstop texture, resistant to tearing. High neck and long sleeves. Fabric lining with a mesh texture. Hip welt pockets. Elasticated trims. Zip-up front.',58.00,'assets\\images\\products\\JACKETS\\5851368712_6_1_1.jpg',_binary '\0',20,'2022-07-17 22:38:13.000000',NULL,2),(64,'1363','TECHNICAL JACKET','Jacket with a high neck and an adjustable hood. Long cuffed sleeves with hook-and-loop straps. Zip pockets on the chest and hip. Zip-up front.',70.00,'assets\\images\\products\\JACKETS\\5854300710_2_1_1.jpg',_binary '\0',20,'2022-07-18 22:38:13.000000',NULL,2),(65,'1364','TEXTURED COTTON GILET','Gilet with lightly padded interior. Elastic collar. Front pouch pockets. Faded effect. Zip-up front.',95.00,'assets\\images\\products\\JACKETS\\5854301710_2_5_1.jpg',_binary '\0',20,'2022-07-19 22:38:13.000000',NULL,2),(66,'1365','BASIC BOMBER JACKET','Jacket with a ribbed collar and long sleeves. Hip welt pockets and an inside pocket detail. Elastic hem. Zip-up front.',70.00,'assets\\images\\products\\JACKETS\\6518300401_2_1_1.jpg',_binary '\0',20,'2022-07-20 22:38:13.000000',NULL,2),(67,'1366','GILET WITH RUBBERISED FINISH','Puffer gilet made of fabric with a rubberised finish. High neck. Front welt pockets. Front zip fastening.',79.00,'assets\\images\\products\\JACKETS\\6861319330_2_1_1.jpg',_binary '\0',20,'2022-07-21 22:38:13.000000',NULL,2),(68,'1367','100% LINEN JACKET','Jacket made of linen. Lapel collar and long sleeves with buttoned cuffs. Hip welt pockets. Elasticated hem. Button-up front.',81.00,'assets\\images\\products\\JACKETS\\6917303500_2_1_1.jpg',_binary '\0',20,'2022-07-22 22:38:13.000000',NULL,2),(69,'1368','100% LINEN WAISTCOAT','Linen waistcoat. V-neckline and no sleeves. Welt pockets at the waist. Button-up front.',63.00,'assets\\images\\products\\JACKETS\\6985350807_2_1_1.jpg',_binary '\0',20,'2022-07-23 22:38:13.000000',NULL,2),(70,'1369','COTTON JACKET','Collared jacket with long sleeves and elasticated cuffs. Patch pockets at the hip. Elasticated hem. Fastens down the front with snap buttons.',92.00,'assets\\images\\products\\JACKETS\\6987321505_2_1_1.jpg',_binary '\0',20,'2022-07-24 22:38:13.000000',NULL,2),(71,'1370','FAUX SUEDE BOXY FIT JACKET','Boxy fit collared jacket featuring long sleeves with buttoned cuffs. Flap pockets on the chest and welt pockets at the hip. Button-up front.',89.00,'assets\\images\\products\\JACKETS\\6987325500_2_1_1.jpg',_binary '\0',20,'2022-07-25 22:38:13.000000',NULL,2),(72,'1371','LIGHT PADDED JACKET','Puffer jacket with a high neck and long sleeves. Hip pockets and an inside pocket detail. Front zip fastening.',89.00,'assets\\images\\products\\JACKETS\\6987326800_2_1_1.jpg',_binary '\0',20,'2022-07-26 22:38:13.000000',NULL,2),(73,'1372','LIGHTWEIGHT QUILTED GILET','Gilet with a high neck. Hip welt pockets and a zip-up front.',59.00,'assets\\images\\products\\JACKETS\\7380677658_2_6_1.jpg',_binary '\0',20,'2022-07-27 22:38:13.000000',NULL,2),(74,'1373','SATIN BOMBER JACKET - LIMITED EDITION','Varsity jacket with a slightly padded interior. Ribbed collar and long sleeves with elastic cuffs. Hip welt pockets and interior pocket detail. Adjustable hem with elastic. Front zip fastening.',82.00,'assets\\images\\products\\JACKETS\\7484304710_2_1_1.jpg',_binary '\0',20,'2022-07-28 22:38:13.000000',NULL,2),(76,'1375','TECHNICAL JACKET - LIMITED EDITION','Jacket with a high neck with adjustable drawstring and long sleeves with elasticated cuffs. Patch pockets with flaps at the hip. Adjustable hem with side drawstrings. Zip-up front hidden by a snap-button placket.',53.00,'assets\\images\\products\\JACKETS\\7627502800_2_1_1.jpg',_binary '\0',20,'2022-07-30 22:38:13.000000',NULL,2),(77,'1376','LIGHT PADDED JACKET','Puffer jacket made of a technical fabric. High neck and long sleeves. Hip welt pockets. Elastic trims. Front zip fastening.',97.00,'assets\\images\\products\\JACKETS\\8281306800_2_5_1.jpg',_binary '\0',20,'2022-07-31 22:38:13.000000',NULL,2),(78,'1377','BOXY FIT JACKET WITH TOPSTITCHING','Collared boxy-fit jacket made of textured cotton. Long sleeves with buttoned cuffs. Patch pockets with flaps on the hip. Contrast topstitching detail all over the garment. Button-up front.',75.00,'assets\\images\\products\\JACKETS\\8281319400_2_1_1.jpg',_binary '\0',20,'2022-08-01 22:38:13.000000',NULL,2),(79,'1378','BOXY FIT TECHNICAL JACKET','Jacket made of lightweight technical fabric. High neck. Long sleeves with elasticated cuffs and adjustable tabs. Patch pockets with flaps on the hip. Zip-up front hidden by a snap-button placket.',57.00,'assets\\images\\products\\JACKETS\\8281324800_2_1_1.jpg',_binary '\0',20,'2022-08-02 22:38:13.000000',NULL,2),(80,'1379','LYOCELL JACKET','Jacket made of lyocell. Lapel collar and long sleeves with buttoned cuffs. Patch pockets on the hip. Button-up front.',97.00,'assets\\images\\products\\JACKETS\\8281330250_2_1_1.jpg',_binary '\0',20,'2022-08-03 22:38:13.000000',NULL,2),(81,'1380','CROPPED BOMBER JACKET','Jacket made of a cotton blend fabric. High neck and long sleeves. Hip welt pockets. Ribbed trims. Cropped length. Zip-up front hidden by a snap-button placket.',69.00,'assets\\images\\products\\JACKETS\\8281469251_2_1_1.jpg',_binary '\0',20,'2022-08-04 22:38:13.000000',NULL,2),(84,'1383','TECHNICAL WINDBREAKER JACKET','Jacket made of very lightweight technical fabric. - High neck with adjustable hood. - Long sleeves featuring adjustable cuffs with tabs.- Hip welt pockets.- Adjustable hem with elastic at the sides.- Logo print on the front.Zara Athleticz.View more',89.00,'assets\\images\\products\\JACKETS\\8574505800_2_1_1.jpg',_binary '\0',20,'2022-08-07 22:38:13.000000',NULL,2),(85,'1384','LINEN - COTTON OVERSHIRT','Relaxed fit collared overshirt made of a linen and cotton blend fabric. Featuring long sleeves with buttoned cuffs. Hip flap pockets. Button-up front.',95.00,'assets\\images\\products\\JACKETS\\8574661712_2_1_1.jpg',_binary '\0',20,'2022-08-08 22:38:13.000000',NULL,2),(86,'1385','HOODED TECHNICAL JACKET','Technical fabric jacket. High neck with adjustable hood. Long sleeves. Zip pockets on the chest and hip. Lining with mesh textured fabric. Elasticated trims. Zip-up front.',53.00,'assets\\images\\products\\JACKETS\\9621640933_2_1_1.jpg',_binary '\0',20,'2022-08-09 22:38:13.000000',NULL,2),(87,'1386','CORDUROY OVERSHIRT','Relaxed fit collared overshirt. Long sleeves with buttoned cuffs. Chest patch pockets. Button-up front.',49.00,'assets\\images\\products\\OVERSHIRTS\\0706366800_2_1_1.jpg',_binary '\0',20,'2022-08-10 22:38:13.000000',NULL,3),(88,'1387','OVERSHIRT WITH POCKETS','Regular fit collared overshirt with long sleeves with buttoned cuffs. Patch pockets with flaps on the front. Button-up front.',84.00,'assets\\images\\products\\OVERSHIRTS\\0706430916_2_1_1.jpg',_binary '\0',20,'2022-08-11 22:38:13.000000',NULL,3),(89,'1388','DIAGONAL TEXTURE OVERSHIRT','Collared regular fit overshirt made of diagonal textured fabric. Long sleeves with buttoned cuffs. Patch pockets with flaps on the chest and hip welt pockets. Button-up front hidden by a placket.',87.00,'assets\\images\\products\\OVERSHIRTS\\1063313015_2_1_1.jpg',_binary '\0',20,'2022-08-12 22:38:13.000000',NULL,3),(90,'1389','OVERSHIRT WITH POCKETS','Relaxed fit overshirt made of cotton. Lapel collar and long sleeves with buttoned cuffs. Patch pockets with flaps on the chest and a side hip pocket. Zip-up front.',63.00,'assets\\images\\products\\OVERSHIRTS\\1063320802_2_1_1.jpg',_binary '\0',20,'2022-08-13 22:38:13.000000',NULL,3),(91,'1390','OVERSHIRT WITH CONTRAST TOPSTITCHING','Collared relaxed fit overshirt made of textured cotton. Long sleeves with buttoned cuffs. Patch pockets on the chest. Contrast topstitching detail all over the garment. Button-up front.',89.00,'assets\\images\\products\\OVERSHIRTS\\1538451711_2_1_1.jpg',_binary '\0',20,'2022-08-14 22:38:13.000000',NULL,3),(92,'1391','LINEN BLEND OVERSHIRT WITH TOPSTITCHING','Relaxed fit collared overshirt made of a cotton and linen blend fabric. Short sleeves. Front patch pockets. Contrast topstitching all over the garment. Snap-button fastenings on the front.',46.00,'assets\\images\\products\\OVERSHIRTS\\2675411712_2_5_1.jpg',_binary '\0',20,'2022-08-15 22:38:13.000000',NULL,3),(93,'1392','PAINT PRINT OVERSHIRT','Relaxed fit collared overshirt with long sleeves and snap-button cuffs. Chest patch pockets. Side vents at the hem. Front snap-button fastening.',93.00,'assets\\images\\products\\OVERSHIRTS\\2688310800_2_1_1.jpg',_binary '\0',20,'2022-08-16 22:38:13.000000',NULL,3),(94,'1393','TIE-DYE CHECK OVERSHIRT','Regular-fit overshirt made of cotton fabric. Featuring a lapel collar and long sleeves with buttoned cuffs. Patch pockets on the chest. Button-up front.',70.00,'assets\\images\\products\\OVERSHIRTS\\3057403802_2_4_1.jpg',_binary '\0',20,'2022-08-17 22:38:13.000000',NULL,3),(95,'1394','TEXTURED RUSTIC OVERSHIRT','Collared cotton blend overshirt. Long sleeves with buttoned cuffs. Hip patch pockets. Button-up front.',97.00,'assets\\images\\products\\OVERSHIRTS\\4391300515_2_1_1.jpg',_binary '\0',20,'2022-08-18 22:38:13.000000',NULL,3),(96,'1395','GEOMETRIC JACQUARD OVERSHIRT','Relaxed fit overshirt made of cotton fabric. Featuring a lapel collar and long sleeves with buttoned cuffs. Welt pockets at the hip. Button-up front.',63.00,'assets\\images\\products\\OVERSHIRTS\\5070305800_2_1_1.jpg',_binary '\0',20,'2022-08-19 22:38:13.000000',NULL,3),(97,'1396','COMFORT OVERSHIRT WITH POCKETS','Relaxed fit overshirt made of stretchy fabric. Featuring a spread collar, short sleeves, chest patch pockets and front snap-button fastening.',50.00,'assets\\images\\products\\OVERSHIRTS\\5320305071_2_1_1.jpg',_binary '\0',20,'2022-08-20 22:38:13.000000',NULL,3),(98,'1397','OVERSHIRT WITH CONTRAST TOPSTITCHING','Collared relaxed fit overshirt. Long sleeves with buttoned cuffs. Chest patch pockets. Contrast topstitching all over the garment. Button-up front.',67.00,'assets\\images\\products\\OVERSHIRTS\\5520302400_6_1_1.jpg',_binary '\0',20,'2022-08-21 22:38:13.000000',NULL,3),(99,'1398','FAUX LEATHER OVERSHIRT','Boxy fit collared overshirt made of faux leather. Featuring short sleeves, a chest patch pockets, contrast topstitching all over the garment and a button-up front.',47.00,'assets\\images\\products\\OVERSHIRTS\\5786162800_2_1_1.jpg',_binary '\0',20,'2022-08-22 22:38:13.000000',NULL,3),(100,'1399','CROCHET OVERSHIRT','Regular fit overshirt made of openwork fabric. Lapel collar and short sleeves. Chest patch pocket. Button-up front.',50.00,'assets\\images\\products\\OVERSHIRTS\\5819179403_2_1_1.jpg',_binary '\0',20,'2022-08-23 22:38:13.000000',NULL,3),(101,'1400','CROPPED FAUX LEATHER SHIRT','Relaxed-fit faux leather shirt. Collar and short sleeves. Chest patch pocket. Cropped length. Fastens down the front with snap buttons.',55.00,'assets\\images\\products\\OVERSHIRTS\\5820497401_2_1_1.jpg',_binary '\0',20,'2022-08-24 22:38:13.000000',NULL,3),(102,'1401','FADED FAUX SUEDE OVERSHIRT','Boxy-fit faux suede overshirt. Collar and short sleeves. Chest patch pocket. Cropped length. Fastens down the front with snap buttons.',93.00,'assets\\images\\products\\OVERSHIRTS\\5822251401_2_1_1.jpg',_binary '\0',20,'2022-08-25 22:38:13.000000',NULL,3),(103,'1402','LIMITED EDITION TECHNICAL SHIRT','Cropped collared shirt made of technical satin fabric. Long sleeves with buttoned cuffs. Patch pockets with flaps on the chest. Button-up front.',55.00,'assets\\images\\products\\OVERSHIRTS\\6861506707_2_1_1.jpg',_binary '\0',20,'2022-08-26 22:38:13.000000',NULL,3),(104,'1403','WAXED DENIM OVERSHIRT - LIMITED EDITION','Relaxed fit overshirt made of faded denim with a slightly waxed finish. Lapel collar and long sleeves and buttoned cuffs. Button-up front.',90.00,'assets\\images\\products\\OVERSHIRTS\\7446310712_2_1_1.jpg',_binary '\0',20,'2022-08-27 22:38:13.000000',NULL,3),(105,'1404','OVERSIZE FIT SHIRT - LIMITED EDITION','Oversize fit shirt made of cotton. Spread collar and long sleeves with buttoned cuffs. Pleat details on the back. Button-up front hidden by a placket.',68.00,'assets\\images\\products\\OVERSHIRTS\\7484300800_2_1_1.jpg',_binary '\0',20,'2022-08-28 22:38:13.000000',NULL,3),(106,'1405','BOXY FIT SHIRT - LIMITED EDITION','Boxy fit shirt made of cotton. Spread collar and short sleeves. Side vents at the hem. Button-up front hidden by a placket.',66.00,'assets\\images\\products\\OVERSHIRTS\\8281321500_2_1_1.jpg',_binary '\0',20,'2022-08-29 22:38:13.000000',NULL,3),(107,'1406','RIPSTOP OVERSHIRT - LIMITED EDITION','Regular fit overshirt made of textured ripstop fabric that is resistant to tearing. Lapel collar and long sleeves with buttoned cuffs. Button-up front.',66.00,'assets\\images\\products\\OVERSHIRTS\\8281322615_2_1_1.jpg',_binary '\0',20,'2022-08-30 22:38:13.000000',NULL,3),(108,'1407','OVERSIZE FIT OVERSHIRT - LIMITED EDITION','Oversize fit overshirt. Spread collar and long sleeves with buttoned cuffs. Pleat details on the back. Button-up front hidden by a placket.',81.00,'assets\\images\\products\\OVERSHIRTS\\8281331801_2_1_1.jpg',_binary '\0',20,'2022-08-31 22:38:13.000000',NULL,3),(109,'1408','RELAXED FIT SHIRT - LIMITED EDITION','Relaxed-fit collared shirt featuring long sleeves with buttoned cuffs. Chest patch pockets and a button-up front.',73.00,'assets\\images\\products\\OVERSHIRTS\\8281423800_2_1_1.jpg',_binary '\0',20,'2022-09-01 22:38:13.000000',NULL,3),(110,'1409','VISCOSE BLEND KNIT POLO SHIRT','Collared knit polo shirt made of a spun viscose blend. Button-up front. Short sleeves. Ribbed trims.',97.00,'assets\\images\\products\\POLO SHIRTS\\0077301826_2_1_1.jpg',_binary '\0',20,'2022-09-02 22:38:13.000000',NULL,4),(111,'1410','STRIPED KNIT POLO SHIRT','Knit collared polo shirt made of spun cotton fabric. Front button fastening, long sleeves and ribbed trims.',73.00,'assets\\images\\products\\POLO SHIRTS\\0077302800_2_1_1.jpg',_binary '\0',20,'2022-09-03 22:38:13.000000',NULL,4),(112,'1411','CONTRAST KNIT POLO SHIRT','Collared knit polo shirt. Contrast button fastening on the front. Short sleeves. Ribbed trims.',69.00,'assets\\images\\products\\POLO SHIRTS\\0526300707_6_1_1.jpg',_binary '\0',20,'2022-09-04 22:38:13.000000',NULL,4),(113,'1412','LYOCELL - COTTON KNIT POLO SHIRT','Collared knit polo shirt made of spun lyocell, cotton and silk blend fabric. Button-up front. Short sleeves. Ribbed trims.',74.00,'assets\\images\\products\\POLO SHIRTS\\0526301330_2_1_1.jpg',_binary '\0',20,'2022-09-05 22:38:13.000000',NULL,4),(114,'1413','KNIT POLO SHIRT WITH ZIP','Knit polo shirt made of spun cotton fabric. Collar with zip fastening. Short sleeves. Ribbed trims.',65.00,'assets\\images\\products\\POLO SHIRTS\\0526302708_1_1_1.jpg',_binary '\0',20,'2022-09-06 22:38:13.000000',NULL,4),(115,'1414','POLO SWEATSHIRT','Collared polo made of compact cotton fabric. Front button fastening, long sleeves and ribbed trims.',76.00,'assets\\images\\products\\POLO SHIRTS\\0526420633_2_1_1.jpg',_binary '\0',20,'2022-09-07 22:38:13.000000',NULL,4),(116,'1415','TEXTURED CROCHET KNIT POLO SHIRT','Knit polo shirt with an open texture. Lapel collar with front opening. Short sleeves. Ribbed trims.',57.00,'assets\\images\\products\\POLO SHIRTS\\0722342251_2_1_1.jpg',_binary '\0',20,'2022-09-08 22:38:13.000000',NULL,4),(117,'1416','COLOUR BLOCK KNIT POLO SHIRT WITH PATCHES','Collared knit polo shirt in an irregular spun fabric. Button-up front. Short sleeves. Ribbed trims.',63.00,'assets\\images\\products\\POLO SHIRTS\\1023307707_2_1_1.jpg',_binary '\0',20,'2022-09-09 22:38:13.000000',NULL,4),(118,'1417','TEXTURED POLO SHIRT','Collared polo shirt with a button-up front and short sleeves. Split hem.',50.00,'assets\\images\\products\\POLO SHIRTS\\1023310712_2_1_1.jpg',_binary '\0',20,'2022-09-10 22:38:13.000000',NULL,4),(119,'1418','TEXTURED KNIT POLO SHIRT','Loose-fitting knit polo shirt made of spun linen and cotton blend fabric. Featuring a collar and front button fastening. Long sleeves. Ribbed trims.',81.00,'assets\\images\\products\\POLO SHIRTS\\1023320710_2_1_1.jpg',_binary '\0',20,'2022-09-11 22:38:13.000000',NULL,4),(120,'1419','TEXTURED OVERSIZE KNIT POLO SHIRT','Collared oversize knit polo shirt with a button-up front. Short sleeves. Chest patch pocket. Ribbed trims.',85.00,'assets\\images\\products\\POLO SHIRTS\\1198312707_2_1_1.jpg',_binary '\0',20,'2022-09-12 22:38:13.000000',NULL,4),(121,'1420','COTTON AND SILK KNIT POLO SHIRT','Knit polo shirt in a spun cotton and silk blend fabric. Lapel collar with front button fastening and long sleeves. Ribbed trims.',83.00,'assets\\images\\products\\POLO SHIRTS\\1198318712_2_1_1.jpg',_binary '\0',20,'2022-09-13 22:38:13.000000',NULL,4),(122,'1421','WAVE JACQUARD KNIT POLO SHIRT','Collared knit polo shirt made of spun cotton blend fabric. Buttoned placket on the front. Short sleeves. Ribbed trims.',100.00,'assets\\images\\products\\POLO SHIRTS\\1716341707_2_1_1.jpg',_binary '\0',20,'2022-09-14 22:38:13.000000',NULL,4),(123,'1422','GEOMETRIC JACQUARD KNIT POLO SHIRT','Collared knit polo shirt with front fastening. Short sleeves. Contrast ribbed trims.',57.00,'assets\\images\\products\\POLO SHIRTS\\2632302832_2_1_1.jpg',_binary '\0',20,'2022-09-15 22:38:13.000000',NULL,4),(124,'1423','TEXTURED GEOMETRIC PRINT KNIT POLO SHIRT','Knit collared polo shirt with an open texture. Front button fastening. Short sleeves. Ribbed trims.',64.00,'assets\\images\\products\\POLO SHIRTS\\2795316251_2_2_1.jpg',_binary '\0',20,'2022-09-16 22:38:13.000000',NULL,4),(125,'1424','TEXTURED RIBBED KNIT POLO SHIRT','Collared knit loose-fitting polo shirt in spun cotton fabric. Button-up front. Short sleeves. Ribbed trims.',50.00,'assets\\images\\products\\POLO SHIRTS\\3003306700_2_1_1.jpg',_binary '\0',20,'2022-09-17 22:38:13.000000',NULL,4),(126,'1425','KNIT POLO SHIRT WITH ABSTRACT PRINT','Collared knit polo shirt featuring a button-up front and short sleeves.',63.00,'assets\\images\\products\\POLO SHIRTS\\3166307712_2_1_1.jpg',_binary '\0',20,'2022-09-18 22:38:13.000000',NULL,4),(127,'1426','ACID WASH DENIM POLO SHIRT','Oversize collared polo shirt featuring front button fastening concealed by a placket, short sleeves and faded effect.',92.00,'assets\\images\\products\\POLO SHIRTS\\3284308527_2_1_1.jpg',_binary '\0',20,'2022-09-19 22:38:13.000000',NULL,4),(128,'1427','POLO SHIRT WITH CONTRASTING TRIMS','Collared polo shirt with a button-up front. Long sleeves. Ribbed trims.',67.00,'assets\\images\\products\\POLO SHIRTS\\3284311401_2_1_1.jpg',_binary '\0',20,'2022-09-20 22:38:13.000000',NULL,4),(129,'1428','TEXTURED POLO SHIRT WITH CONTRAST DETAILS','Collared polo shirt with a button-up front. Short sleeves. Ribbed trims.',74.00,'assets\\images\\products\\POLO SHIRTS\\3332415806_2_1_1.jpg',_binary '\0',20,'2022-09-21 22:38:13.000000',NULL,4),(130,'1429','STRIPED TEXTURED POLO SHIRT','Collared polo shirt with a front opening. Short sleeves. Ribbed hem.',68.00,'assets\\images\\products\\POLO SHIRTS\\3597307600_2_1_1.jpg',_binary '\0',20,'2022-09-22 22:38:13.000000',NULL,4),(131,'1430','VERTICAL TEXTURED POLO','Collared polo shirt with a front opening. Short sleeves. Ribbed trims.',97.00,'assets\\images\\products\\POLO SHIRTS\\3597312401_2_1_1.jpg',_binary '\0',20,'2022-09-23 22:38:13.000000',NULL,4),(132,'1431','LINEN - COTTON POLO SHIRT','Relaxed fit collared shirt made of a linen blend. Front button fastening. Long sleeves with buttoned cuffs. Side vents at the hem.',74.00,'assets\\images\\products\\POLO SHIRTS\\4087323712_2_1_1.jpg',_binary '\0',20,'2022-09-24 22:38:13.000000',NULL,4),(133,'1432','TEXTURED POLO SHIRT','Short sleeve polo shirt with a buttoned placket on the front.',78.00,'assets\\images\\products\\POLO SHIRTS\\4087342712_2_1_1.jpg',_binary '\0',20,'2022-09-25 22:38:13.000000',NULL,4),(134,'1433','TEXTURED PIQUÉ POLO SHIRT','Polo shirt with a stand-up collar, front button fastening and short sleeves. Side vents at the hem.',80.00,'assets\\images\\products\\POLO SHIRTS\\5372309401_2_4_1.jpg',_binary '\0',20,'2022-09-26 22:38:13.000000',NULL,4),(135,'1434','RIBBED KNIT POLO SHIRT','Knit polo shirt made of a spun cotton blend. Round neck and short sleeves.',89.00,'assets\\images\\products\\POLO SHIRTS\\5649210500_2_1_1.jpg',_binary '\0',20,'2022-09-27 22:38:13.000000',NULL,4),(136,'1435','STRIPED KNIT POLO SHIRT','Collared polo shirt made of a spun viscose blend. Button-up front. Short sleeves. Ribbed trims.',49.00,'assets\\images\\products\\POLO SHIRTS\\5755305700_2_1_1.jpg',_binary '\0',20,'2022-09-28 22:38:13.000000',NULL,4),(137,'1436','OVERSIZE FIT POLO SHIRT','Collared oversize fit polo shirt with short sleeves and front button fastening.',66.00,'assets\\images\\products\\POLO SHIRTS\\5755320401_2_1_1.jpg',_binary '\0',20,'2022-09-29 22:38:13.000000',NULL,4),(138,'1437','SLOGAN PRINT POLO SHIRT','Collared polo shirt with front opening and short sleeves. Asymmetric hem with side vents.',84.00,'assets\\images\\products\\POLO SHIRTS\\6216307526_2_1_1.jpg',_binary '\0',20,'2022-09-30 22:38:13.000000',NULL,4),(139,'1438','POLO SHIRT WITH CONTRAST PATCH','Short sleeve collared polo shirt with a zip up front. Contrast patch detail and prints on the front.',82.00,'assets\\images\\products\\POLO SHIRTS\\6216310401_2_1_1.jpg',_binary '\0',20,'2022-10-01 22:38:13.000000',NULL,4),(140,'1439','TEXTURED WEAVE POLO SHIRT WITH ZIP','Regular fit collared polo shirt with front zip fastening. Short sleeves.',65.00,'assets\\images\\products\\POLO SHIRTS\\6224395403_2_1_1.jpg',_binary '\0',20,'2022-10-02 22:38:13.000000',NULL,4),(141,'1440','KNIT POLO SHIRT WITH ZIP','Collared knit polo shirt. Front zip fastening. Short sleeves with contrast ribbed trims.',70.00,'assets\\images\\products\\POLO SHIRTS\\6462310251_2_1_1.jpg',_binary '\0',20,'2022-10-03 22:38:13.000000',NULL,4),(142,'1441','TEXTURED POLO SHIRT','Collared polo shirt with front button fastening and short sleeves. Side vents at the hem.',98.00,'assets\\images\\products\\POLO SHIRTS\\6462312526_2_1_1.jpg',_binary '\0',20,'2022-10-04 22:38:13.000000',NULL,4),(143,'1442','POLO SHIRT WITH MERCERISED FINISH','Polo shirt made of cotton with a mercerised finish. Lapel collar with open front. Short sleeves.',56.00,'assets\\images\\products\\POLO SHIRTS\\6462317406_2_1_1.jpg',_binary '\0',20,'2022-10-05 22:38:13.000000',NULL,4),(144,'1443','LINEN - COTTON POLO SHIRT','Polo shirt made of a linen and cotton blend fabric. Lapel collar with front opening. Short sleeves.',100.00,'assets\\images\\products\\POLO SHIRTS\\6771302800_2_1_1.jpg',_binary '\0',20,'2022-10-06 22:38:13.000000',NULL,4),(145,'1444','FLORAL JACQUARD POLO SHIRT','Loose-fitting collared polo shirt with a front opening. Short sleeves. Ribbed hem.',95.00,'assets\\images\\products\\POLO SHIRTS\\7627314800_2_1_1.jpg',_binary '\0',20,'2022-10-07 22:38:13.000000',NULL,4),(146,'1445','BASIC KNIT POLO SHIRT','Polo shirt made of spun cotton fabric. Buttoned placket on the front. Short sleeves. Ribbed trims.',45.00,'assets\\images\\products\\POLO SHIRTS\\9240410527_2_1_1.jpg',_binary '\0',20,'2022-10-08 22:38:13.000000',NULL,4),(147,'1446','KNIT COTTON POLO SHIRT','Round collar knit polo shirt in spun cotton fabric. Button fastening on the front and short sleeves. Ribbed trims.Origins special collection.',77.00,'assets\\images\\products\\POLO SHIRTS\\9598308712_2_1_1.jpg',_binary '\0',20,'2022-10-09 22:38:13.000000',NULL,4),(148,'1447','PHOTO PRINT SHIRT','Relaxed-fit shirt with a collar and long sleeves with buttoned cuffs. Contrast print on the front. Button-up front.',77.00,'assets\\images\\products\\SHIRTS\\0775310251_2_1_1.jpg',_binary '\0',20,'2022-10-10 22:38:13.000000',NULL,5),(149,'1448','CONTRAST PRINT SHIRT','Relaxed-fit collared shirt with long sleeves and buttoned cuffs. Button-up front.',50.00,'assets\\images\\products\\SHIRTS\\0794304620_2_1_1.jpg',_binary '\0',20,'2022-10-11 22:38:13.000000',NULL,5),(150,'1449','DENIM SHIRT','Collared relaxed fit shirt made of denim. Long sleeves with buttoned cuffs. Chest patch pockets. Faded effect. Button-up front.',61.00,'assets\\images\\products\\SHIRTS\\0975350406_2_1_1.jpg',_binary '\0',20,'2022-10-12 22:38:13.000000',NULL,5),(151,'1450','CREASED-EFFECT SHIRT','Relaxed fit shirt made of semi-sheer fabric. Camp collar and short sleeves. Split hem. Button-up front.',95.00,'assets\\images\\products\\SHIRTS\\1063315058_2_1_1.jpg',_binary '\0',20,'2022-10-13 22:38:13.000000',NULL,5),(152,'1451','FLORAL PRINT SHIRT','Regular-fit shirt made of satin fabric. Spread collar and short sleeves. Side vents at the hem. Button-up front.',83.00,'assets\\images\\products\\SHIRTS\\1182034505_2_1_1.jpg',_binary '\0',20,'2022-10-14 22:38:13.000000',NULL,5),(153,'1452','LEAF PRINT SHIRT','Regular fit shirt in a satiny fabric. Camp collar and short sleeves. Split hem. Button-up front.',50.00,'assets\\images\\products\\SHIRTS\\1437480450_2_1_1.jpg',_binary '\0',20,'2022-10-15 22:38:13.000000',NULL,5),(154,'1453','FLORAL PRINT SHIRT','Relaxed-fit shirt. Lapel collar and short sleeves. Button-up front.',45.00,'assets\\images\\products\\SHIRTS\\1820320800_2_1_1.jpg',_binary '\0',20,'2022-10-16 22:38:13.000000',NULL,5),(155,'1454','FLORAL PRINT STRETCH SHIRT','Regular fit shirt made of highly stretchy crease-resistant fabric. Camp collar and short sleeves. Split hem. Button-up front.',94.00,'assets\\images\\products\\SHIRTS\\2092300250_2_1_1.jpg',_binary '\0',20,'2022-10-17 22:38:13.000000',NULL,5),(156,'1455','BANDANA PRINT SHIRT','Relaxed fit shirt in cotton fabric. Camp collar and short sleeves. Split hem. Button-up front.',49.00,'assets\\images\\products\\SHIRTS\\2553306800_2_1_1.jpg',_binary '\0',20,'2022-10-18 22:38:13.000000',NULL,5),(157,'1456','PALM TREE PRINT SHIRT','Relaxed fit shirt. Camp collar and short sleeves. Button-up front.',93.00,'assets\\images\\products\\SHIRTS\\2675350120_2_1_1.jpg',_binary '\0',20,'2022-10-19 22:38:13.000000',NULL,5),(158,'1457','ABSTRACT PRINT TEXTURED SHIRT','Relaxed fit short sleeve shirt with a camp collar. Chest patch pocket. Button-up front.',47.00,'assets\\images\\products\\SHIRTS\\2688103401_2_1_1.jpg',_binary '\0',20,'2022-10-20 22:38:13.000000',NULL,5),(159,'1458','LEAF PRINT SHIRT','Relaxed fit shirt with a camp collar and short sleeves. Split hem and a button-up front.',48.00,'assets\\images\\products\\SHIRTS\\3175314400_2_1_1.jpg',_binary '\0',20,'2022-10-21 22:38:13.000000',NULL,5),(160,'1459','VISCOSE - LINEN SHIRT','Relaxed fit shirt made of a viscose and cotton blend. Featuring a camp collar, short sleeves, a split hem and a button-up front.',84.00,'assets\\images\\products\\SHIRTS\\3277266250_2_1_1.jpg',_binary '\0',20,'2022-10-22 22:38:13.000000',NULL,5),(161,'1460','ABSTRACT PRINT SHIRT','Relaxed fit shirt made of a viscose and linen blend. Camp collar and short sleeves. Chest flap pocket. Button-up front.',99.00,'assets\\images\\products\\SHIRTS\\3665304251_2_1_1.jpg',_binary '\0',20,'2022-10-23 22:38:13.000000',NULL,5),(162,'1461','VISCOSE - LINEN SHIRT','Relaxed fit bowling shirt made of a linen and viscose blend. Featuring short sleeves and a button-up front.',61.00,'assets\\images\\products\\SHIRTS\\4087330712_2_1_1.jpg',_binary '\0',20,'2022-10-24 22:38:13.000000',NULL,5),(163,'1462','ABSTRACT PRINT SHIRT','Relaxed fit shirt made of a modal blend fabric. Camp collar and short sleeves. Chest patch pocket. Button-up front.',79.00,'assets\\images\\products\\SHIRTS\\4432508710_2_1_1.jpg',_binary '\0',20,'2022-10-25 22:38:13.000000',NULL,5),(164,'1463','GEOMETRIC JACQUARD KNIT SHIRT','Relaxed fit knit shirt. Camp collar and short sleeves. Button-up front.',93.00,'assets\\images\\products\\SHIRTS\\4570410800_2_1_1.jpg',_binary '\0',20,'2022-10-26 22:38:13.000000',NULL,5),(165,'1464','ABSTRACT PRINT SHIRT','Relaxed fit shirt made of a viscose blend fabric. Camp collar and short sleeves. Chest patch pocket. Button-up front.',61.00,'assets\\images\\products\\SHIRTS\\5520315400_2_1_1.jpg',_binary '\0',20,'2022-10-27 22:38:13.000000',NULL,5),(166,'1465','GEOMETRIC PRINT SHIRT','Relaxed fit shirt made of a viscose fabric. Camp collar and short sleeves. Button-up front.',45.00,'assets\\images\\products\\SHIRTS\\5588866250_2_1_1.jpg',_binary '\0',20,'2022-10-28 22:38:13.000000',NULL,5),(167,'1466','ABSTRACT PRINT SHIRT','Relaxed fit shirt made of a viscose blend fabric. Camp collar. Short sleeves. Button-up front.',98.00,'assets\\images\\products\\SHIRTS\\5588867250_2_1_1.jpg',_binary '\0',20,'2022-10-29 22:38:13.000000',NULL,5),(168,'1467','VISCOSE/LINEN BLEND SHIRT','Relaxed fit shirt in a linen and viscose blend. Featuring a lapel collar, long sleeves with buttoned cuffs and a button-up front.',95.00,'assets\\images\\products\\SHIRTS\\5591579400_2_1_1.jpg',_binary '\0',20,'2022-10-30 22:38:13.000000',NULL,5),(169,'1468','VISCOSE/LINEN BLEND SHIRT','Relaxed-fit shirt made of a linen and viscose blend. Camp collar and short sleeves. Back patch pocket. Side vents at the hem. Button-up front.',54.00,'assets\\images\\products\\SHIRTS\\5592537707_2_1_1.jpg',_binary '\0',20,'2022-10-31 22:38:13.000000',NULL,5),(170,'1469','COTTON SHIRT','Relaxed fit collared shirt made of a cotton fabric. Short sleeves. Side vents at the hem. Button-up front.',54.00,'assets\\images\\products\\SHIRTS\\5593532800_2_1_1.jpg',_binary '\0',20,'2022-11-01 22:38:13.000000',NULL,5),(171,'1470','TEXTURED LINEN - COTTON SHIRT','Relaxed fit shirt made of a linen and cotton blend. Featuring a lapel collar, short sleeves, a chest patch pocket, an asymmetric hem with side vents and a button-up front.',68.00,'assets\\images\\products\\SHIRTS\\5646037401_2_1_1.jpg',_binary '\0',20,'2022-11-02 22:38:13.000000',NULL,5),(172,'1471','100% LINEN SHIRT','Regular-fit shirt made of lightweight linen fabric. Spread collar and long sleeves with buttoned cuffs. Button-up front.',100.00,'assets\\images\\products\\SHIRTS\\5664120058_2_1_1.jpg',_binary '\0',20,'2022-11-03 22:38:13.000000',NULL,5),(173,'1472','TEXTURED SHIRT','Relaxed fit shirt with a camp collar and short sleeves. Ribbed trim at the hem and a button-up front.',95.00,'assets\\images\\products\\SHIRTS\\5670112800_2_1_1.jpg',_binary '\0',20,'2022-11-04 22:38:13.000000',NULL,5),(174,'1473','POINTELLE TEXTURED SHIRT','Relaxed fit shirt made of open textured fabric. Camp collar and short sleeves. Button-up front.',47.00,'assets\\images\\products\\SHIRTS\\5671119800_2_1_1.jpg',_binary '\0',20,'2022-11-05 22:38:13.000000',NULL,5),(175,'1474','TEXTURED TWILL SHIRT','Regular fit shirt with a button-down lapel collar and long sleeves with buttoned cuffs. Button-up front.',54.00,'assets\\images\\products\\SHIRTS\\5672441250_2_1_1.jpg',_binary '\0',20,'2022-11-06 22:38:13.000000',NULL,5),(176,'1475','TEXTURED TWILL SHIRT','Regular fit spread collar shirt featuring long sleeves with buttoned cuffs. Button-up front.',57.00,'assets\\images\\products\\SHIRTS\\5673441250_2_1_1.jpg',_binary '\0',20,'2022-11-07 22:38:13.000000',NULL,5),(177,'1476','TEXTURED TWILL SHIRT','Regular-fit shirt with an open spread collar and long sleeves with buttoned cuffs. Button-up front.',69.00,'assets\\images\\products\\SHIRTS\\5679101400_2_1_1.jpg',_binary '\0',20,'2022-11-08 22:38:13.000000',NULL,5),(178,'1477','TEXTURED SHIRT','Regular fit collared shirt made of textured fabric. Long sleeves with buttoned cuffs. Hem with side vents. Button-up front.',96.00,'assets\\images\\products\\SHIRTS\\5738400500_2_1_1.jpg',_binary '\0',20,'2022-11-09 22:38:13.000000',NULL,5),(179,'1478','LYOCELL - LINEN SHIRT','Relaxed fit shirt. Spread collar and short sleeves. Chest patch pockets with flap. Button-up front hidden by a placket.',50.00,'assets\\images\\products\\SHIRTS\\5843524800_2_1_1.jpg',_binary '\0',20,'2022-11-10 22:38:13.000000',NULL,5),(180,'1479','LYOCELL SHIRT WITH POCKETS','Relaxed-fit shirt made of lyocell fabric. Spread collar and short sleeves. Flap patch pockets on the chest. Button-up front.',66.00,'assets\\images\\products\\SHIRTS\\5881524250_2_1_1.jpg',_binary '\0',20,'2022-11-11 22:38:13.000000',NULL,5),(181,'1480','UTILITY SHIRT WITH POCKETS','Relaxed fit shirt made of cotton. Lapel collar and short sleeves. Patch pockets with flaps on the front. Asymmetric hem with side vents. Button-up front.',73.00,'assets\\images\\products\\SHIRTS\\5884485250_2_1_1.jpg',_binary '\0',20,'2022-11-12 22:38:13.000000',NULL,5),(182,'1481','LYOCELL SHIRT','Regular fit shirt made of lyocell. Lapel collar and long sleeves with buttoned cuffs. Chest patch pocket. Button-up front.',72.00,'assets\\images\\products\\SHIRTS\\5887878500_2_1_1.jpg',_binary '\0',20,'2022-11-13 22:38:13.000000',NULL,5),(183,'1482','PLAID SHIRT WITH POCKET','Relaxed fit collared shirt with long sleeves and buttoned cuffs. Chest patch pocket. Side vents at the hem. Button-up front.',60.00,'assets\\images\\products\\SHIRTS\\5912161802_2_1_1.jpg',_binary '\0',20,'2022-11-14 22:38:13.000000',NULL,5),(184,'1483','STRIPED LYOCELL-LINEN SHIRT','Relaxed fit collared shirt made of a linen and lyocell blend. Front button fastening. Long sleeves with adjustable buttoned cuffs. Adjustable hem with a front drawstring.',86.00,'assets\\images\\products\\SHIRTS\\5913191700_2_1_1.jpg',_binary '\0',20,'2022-11-15 22:38:13.000000',NULL,5),(185,'1484','STRIPED ELASTIC SHIRT','Slim fit shirt made of a fabric that minimises the need for ironing after washing. Spread collar and long sleeves with buttoned cuffs. Button-up front.',52.00,'assets\\images\\products\\SHIRTS\\5916400711_2_1_1.jpg',_binary '\0',20,'2022-11-16 22:38:13.000000',NULL,5),(186,'1485','ELASTIC SHIRT WITH STRIPED PRINT','Slim-fit shirt made of a high-stretch fabric which is resistant to wrinkling. Spread collar and long sleeves with buttoned cuffs. Button-up front.',63.00,'assets\\images\\products\\SHIRTS\\5993597251_2_1_1.jpg',_binary '\0',20,'2022-11-17 22:38:13.000000',NULL,5),(187,'1486','STRIPED TEXTURED SHIRT','Regular fit shirt made of a cotton fabric. Spread collar and long sleeves with buttoned cuffs. Button-up front.',67.00,'assets\\images\\products\\SHIRTS\\6085308500_2_1_1.jpg',_binary '\0',20,'2022-11-18 22:38:13.000000',NULL,5),(188,'1487','GEOMETRIC CROCHET SHIRT','Relaxed fit shirt made of open textured fabric. Lapel collar and short sleeves. Button-up front.',52.00,'assets\\images\\products\\SHIRTS\\6085371400_2_1_1.jpg',_binary '\0',20,'2022-11-19 22:38:13.000000',NULL,5),(189,'1488','TEXTURED CROCHET SHIRT','Collared shirt made of open textured fabric. Front opening and short sleeves. Button-up front.',52.00,'assets\\images\\products\\SHIRTS\\6085377330_2_1_1.jpg',_binary '\0',20,'2022-11-20 22:38:13.000000',NULL,5),(190,'1489','TEXTURED SHIRT','Shirt made of textured easy-care fabric that minimises the need for ironing.Regular fit spread collar shirt featuring long sleeves with buttoned cuffs. Button-up front.',90.00,'assets\\images\\products\\SHIRTS\\6085380431_2_1_1.jpg',_binary '\0',20,'2022-11-21 22:38:13.000000',NULL,5),(191,'1490','SHIRT WITH FRENCH CUFFS','Regular-fit shirt with a spread collar and long sleeves with French cuffs with cufflinks. Button-up front.',74.00,'assets\\images\\products\\SHIRTS\\6359387250_2_1_1.jpg',_binary '\0',20,'2022-11-22 22:38:13.000000',NULL,5),(192,'1491','TEXTURED LYOCELL BLEND SHIRT','Regular-fit shirt in a lyocell blend. Spread collar and long sleeves with buttoned cuffs. Button-up front.',57.00,'assets\\images\\products\\SHIRTS\\6456400044_2_1_1.jpg',_binary '\0',20,'2022-11-23 22:38:13.000000',NULL,5),(193,'1492','SHIRT WITH ADJUSTABLE HEM','Boxy-fit shirt made of a cotton blend. Spread collar and short sleeves. Chest patch pocket. Adjustable hem with elastic on the sides. Button-up front.',67.00,'assets\\images\\products\\SHIRTS\\6462316800_2_1_1.jpg',_binary '\0',20,'2022-11-24 22:38:13.000000',NULL,5),(194,'1493','CROPPED FAUX LEATHER SHIRT','Relaxed-fit faux leather shirt. Collar and short sleeves. Chest patch pocket. Cropped length. Fastens down the front with snap buttons.',78.00,'assets\\images\\products\\SHIRTS\\6917321922_2_1_1.jpg',_binary '\0',20,'2022-11-25 22:38:13.000000',NULL,5),(195,'1494','STRIPED SHIRT','Relaxed fit collared shirt. Short sleeves. Split hem. Button-up front.',99.00,'assets\\images\\products\\SHIRTS\\6987350505_2_1_1.jpg',_binary '\0',20,'2022-11-26 22:38:13.000000',NULL,5),(196,'1495','STRIPED SHIRT','Relaxed fit shirt made of a cotton blend. Featuring a camp collar, short sleeves and a button-up front.',86.00,'assets\\images\\products\\SHIRTS\\7200350250_2_1_1.jpg',_binary '\0',20,'2022-11-27 22:38:13.000000',NULL,5),(197,'1496','STRIPED TEXTURED SHIRT','Relaxed fit shirt made of lightweight fabric. Lapel collar and short sleeves. Chest patch pockets. Asymmetric hem with side vents. Button-up front.',71.00,'assets\\images\\products\\SHIRTS\\7446303030_2_1_1.jpg',_binary '\0',20,'2022-11-28 22:38:13.000000',NULL,5),(198,'1497','OXFORD SHIRT','Regular fit shirt made of cotton. Button-down collar and long sleeves with buttoned cuffs. Chest patch pocket. Button-up front.',93.00,'assets\\images\\products\\SHIRTS\\7446430800_2_1_1.jpg',_binary '\0',20,'2022-11-29 22:38:13.000000',NULL,5),(199,'1498','SHIRT WITH CONTRAST TOPSTITCHING','Collared relaxed-fit shirt. Long sleeves with buttoned cuffs. Chest patch pocket. Hem with side vents. Contrast topstitching all over the garment. Faded effect. Button-up front.',70.00,'assets\\images\\products\\SHIRTS\\7545105021_2_1_1.jpg',_binary '\0',20,'2022-11-30 22:38:13.000000',NULL,5),(200,'1499','TOPSTITCHED DENIM SHIRT','Boxy fit collared shirt made of compact denim fabric. Short sleeves. Chest patch pocket. Contrast topstitching all over the garment. Button-up front.',88.00,'assets\\images\\products\\SHIRTS\\7545112020_2_1_1.jpg',_binary '\0',20,'2022-12-01 22:38:13.000000',NULL,5),(201,'1500','DENIM SHIRT','Faded relaxed fit collared shirt made of denim. Featuring long sleeves and a chest patch pocket. Button-up front.',99.00,'assets\\images\\products\\SHIRTS\\7545275712_2_1_1.jpg',_binary '\0',20,'2022-12-02 22:38:13.000000',NULL,5),(202,'1501','DENIM SHIRT','Regular fit collared shirt made of denim fabric. Long sleeves with buttoned cuffs. Chest patch pockets with flaps. Faded effect. Front snap-button fastening.',91.00,'assets\\images\\products\\SHIRTS\\7545340707_2_1_1.jpg',_binary '\0',20,'2022-12-03 22:38:13.000000',NULL,5),(203,'1502','RELAXED FIT DENIM SHIRT','Relaxed-fit collared shirt with long sleeves and buttoned cuffs. Faded effect. Button-up front.',64.00,'assets\\images\\products\\SHIRTS\\7545341400_2_1_1.jpg',_binary '\0',20,'2022-12-04 22:38:13.000000',NULL,5),(204,'1503','ABSTRACT PRINT DENIM SHIRT','Relaxed fit sleeveless denim collared shirt. Patch pockets with flaps on the chest. Faded effect. Button-up front.',64.00,'assets\\images\\products\\SHIRTS\\7545375712_2_1_1.jpg',_binary '\0',20,'2022-12-05 22:38:13.000000',NULL,5),(205,'1504','DENIM SHIRT WITH POCKET','Faded relaxed fit collared shirt made of lightweight denim. Featuring long sleeves and a chest patch pocket. Button-up front.',54.00,'assets\\images\\products\\SHIRTS\\7545389526_2_1_1.jpg',_binary '\0',20,'2022-12-06 22:38:13.000000',NULL,5),(206,'1505','STRIPED SHIRT','Relaxed-fit shirt made of a cotton and lyocell blend. Camp collar and short sleeves. Button-up front.',60.00,'assets\\images\\products\\SHIRTS\\7545483330_2_1_1.jpg',_binary '\0',20,'2022-12-07 22:38:13.000000',NULL,5),(207,'1506','COLOURED DENIM OVERSHIRT','Relaxed fit collared overshirt. Long sleeves with buttoned cuffs. Chest patch pockets. Button-up front.',46.00,'assets\\images\\products\\SHIRTS\\7545514104_2_1_1.jpg',_binary '\0',20,'2022-12-08 22:38:13.000000',NULL,5),(208,'1507','BANDANA PRINT SHIRT','Relaxed fit sleeveless shirt made of technical fabric. Camp collar and button-up front.',45.00,'assets\\images\\products\\SHIRTS\\7545515104_2_1_1.jpg',_binary '\0',20,'2022-12-09 22:38:13.000000',NULL,5),(209,'1508','ABSTRACT PRINT TEXTURED SHIRT','Regular-fit collared shirt with short sleeves. Button-up front.',96.00,'assets\\images\\products\\SHIRTS\\7545533020_2_1_1.jpg',_binary '\0',20,'2022-12-10 22:38:13.000000',NULL,5),(210,'1509','PIXELATED PRINTED SHIRT','Relaxed fit shirt made of viscose fabric. Spread collar and short sleeves. Chest patch pocket. Button-up front.',90.00,'assets\\images\\products\\SHIRTS\\7627306426_2_1_1.jpg',_binary '\0',20,'2022-12-11 22:38:13.000000',NULL,5),(211,'1510','ABSTRACT PRINT SHIRT','Boxy fit shirt in cotton fabric. Camp collar and short sleeves. Split hem. Button-up front.',71.00,'assets\\images\\products\\SHIRTS\\7627307430_2_1_1.jpg',_binary '\0',20,'2022-12-12 22:38:13.000000',NULL,5),(212,'1511','TIE-DYE PRINT SHIRT','Relaxed fit shirt. Camp collar and short sleeves. Patch pocket on the chest. Hem with side vents. Button-up front.',51.00,'assets\\images\\products\\SHIRTS\\8281423800_2_1_1.jpg',_binary '\0',20,'2022-12-13 22:38:13.000000',NULL,5),(213,'1512','STRETCHY POPLIN SHIRT','Shirt made of a stretchy cotton fabric. Featuring a spread collar, long sleeves with buttoned cuffs and a button-up front.',90.00,'assets\\images\\products\\SHIRTS\\8574365500_2_1_1.jpg',_binary '\0',20,'2022-12-14 22:38:13.000000',NULL,5),(214,'1513','WIDE-FIT KNIT JOGGERS','Knit trousers with an adjustable elasticated waistband. Side pockets and rear pocket detail.',91.00,'assets\\images\\products\\SWEATERS\\0077301826_2_1_1.jpg',_binary '\0',20,'2022-12-15 22:38:13.000000',NULL,6),(215,'1514','MOCK NECK SWEATER WITH POCKET','Loose-fitting sweater with a mock neck and long sleeves. Chest patch pocket.',46.00,'assets\\images\\products\\SWEATERS\\0077302800_2_1_1.jpg',_binary '\0',20,'2022-12-16 22:38:13.000000',NULL,6),(216,'1515','TURTLENECK SWEATER','Long sleeve turtleneck sweater with ribbed trims.',51.00,'assets\\images\\products\\SWEATERS\\0304300401_2_1_1.jpg',_binary '\0',20,'2022-12-17 22:38:13.000000',NULL,6),(217,'1516','RIBBED COTTON SWEATER','Sweater made of spun cotton fabric. Round neck and long sleeves. Ribbed trims.',91.00,'assets\\images\\products\\SWEATERS\\0304303401_2_1_1.jpg',_binary '\0',20,'2022-12-18 22:38:13.000000',NULL,6),(218,'1517','TEXTURED CABLE-KNIT SWEATER','Sweater made of a spun cotton blend. Featuring a round neckline, long sleeves and ribbed trims.',59.00,'assets\\images\\products\\SWEATERS\\0794304620_2_1_1.jpg',_binary '\0',20,'2022-12-19 22:38:13.000000',NULL,6),(219,'1518','TEXTURED CROCHET SWEATER','Sweater made of open textured fabric. Round neck and long sleeves. Ribbed trims.',80.00,'assets\\images\\products\\SWEATERS\\0794305620_2_1_1.jpg',_binary '\0',20,'2022-12-20 22:38:13.000000',NULL,6),(220,'1519','STRIPED KNIT POLO SHIRT','Knit collared polo shirt made of spun cotton fabric. Front button fastening, long sleeves and ribbed trims.',95.00,'assets\\images\\products\\SWEATERS\\0794311712_2_1_1.jpg',_binary '\0',20,'2022-12-21 22:38:13.000000',NULL,6),(221,'1520','HIGH NECK SWEATER WITH ZIP','Sweater made of spun cotton. High neck with front zip fastening and long sleeves. Ribbed trims.',67.00,'assets\\images\\products\\SWEATERS\\1023307707_2_1_1.jpg',_binary '\0',20,'2022-12-22 22:38:13.000000',NULL,6),(222,'1521','CONTRAST KNIT POLO SHIRT','Collared knit polo shirt. Contrast button fastening on the front. Short sleeves. Ribbed trims.',64.00,'assets\\images\\products\\SWEATERS\\1023310712_2_1_1.jpg',_binary '\0',20,'2022-12-23 22:38:13.000000',NULL,6),(223,'1522','CONTRAST KNIT T-SHIRT','Knit T-shirt. Round neck and short sleeves. Contrast ribbed details.',50.00,'assets\\images\\products\\SWEATERS\\1023320710_2_1_1.jpg',_binary '\0',20,'2022-12-24 22:38:13.000000',NULL,6),(224,'1523','GEOMETRIC PRINT JACQUARD KNIT CARDIGAN','Collared cardigan made of spun cotton blend fabric. Featuring long sleeves and a button-up front.',95.00,'assets\\images\\products\\SWEATERS\\1326300712_2_1_1.jpg',_binary '\0',20,'2022-12-25 22:38:13.000000',NULL,6),(225,'1524','KNIT POLO SHIRT WITH ZIP','Knit polo shirt made of spun cotton fabric. Lapel collar with zip on the front. Long sleeves. Ribbed trims.',68.00,'assets\\images\\products\\SWEATERS\\1384301707_2_1_1.jpg',_binary '\0',20,'2022-12-26 22:38:13.000000',NULL,6),(226,'1525','KNIT POLO SHIRT WITH ZIP','Knit polo shirt made of spun cotton fabric. Collar with zip fastening. Short sleeves. Ribbed trims.',86.00,'assets\\images\\products\\SWEATERS\\2621303620_2_1_1.jpg',_binary '\0',20,'2022-12-27 22:38:13.000000',NULL,6),(227,'1526','TEXTURED KNIT POLO SHIRT','Loose-fitting knit polo shirt made of spun linen and cotton blend fabric. Featuring a collar and front button fastening. Long sleeves. Ribbed trims.',73.00,'assets\\images\\products\\SWEATERS\\2621406700_2_1_1.jpg',_binary '\0',20,'2022-12-28 22:38:13.000000',NULL,6),(228,'1527','TEXTURED OVERSIZE KNIT POLO SHIRT','Collared oversize knit polo shirt with a button-up front. Short sleeves. Chest patch pocket. Ribbed trims.',66.00,'assets\\images\\products\\SWEATERS\\2621420251_2_1_1.jpg',_binary '\0',20,'2022-12-29 22:38:13.000000',NULL,6),(229,'1528','TEXTURED COTTON CARDIGAN','Collared cardigan made of spun cotton. Long sleeves and ribbed trims. Button fastening on the front.',68.00,'assets\\images\\products\\SWEATERS\\2632302832_2_1_1.jpg',_binary '\0',20,'2022-12-30 22:38:13.000000',NULL,6),(230,'1529','STRIPED JACQUARD CARDIGAN','V-neck cardigan made of a spun cotton blend. Featuring long sleeves and ribbed trims. Button-up front.',63.00,'assets\\images\\products\\SWEATERS\\2632303401_2_1_1.jpg',_binary '\0',20,'2022-12-31 22:38:13.000000',NULL,6),(231,'1530','TEXTURED CROCHET CARDIGAN','Cardigan made of open textured fabric. Round neck and long sleeves. Ribbed trims. Button-up front.',50.00,'assets\\images\\products\\SWEATERS\\2632332401_2_1_1.jpg',_binary '\0',20,'2023-01-01 22:38:13.000000',NULL,6),(232,'1531','CHECK JACQUARD CARDIGAN','V-neck cardigan made of a spun cotton and viscose blend. Long sleeves and ribbed trims. Button-up front.',63.00,'assets\\images\\products\\SWEATERS\\2795313712_2_1_1.jpg',_binary '\0',20,'2023-01-02 22:38:13.000000',NULL,6),(233,'1532','TEXTURED OVERSIZE VEST','Oversize knit vest. Round neck. Ribbed trims.',81.00,'assets\\images\\products\\SWEATERS\\2893301500_2_1_1.jpg',_binary '\0',20,'2023-01-03 22:38:13.000000',NULL,6),(234,'1533','OPEN KNIT TOP','Long sleeve round neck top in a textured open knit fabric.',81.00,'assets\\images\\products\\SWEATERS\\2893302620_2_1_1.jpg',_binary '\0',20,'2023-01-04 22:38:13.000000',NULL,6),(235,'1534','TEXTURED MESH SWEATER','Sweater in open textured fabric. Round neck and long sleeves.',73.00,'assets\\images\\products\\SWEATERS\\3003302251_2_1_1.jpg',_binary '\0',20,'2023-01-05 22:38:13.000000',NULL,6),(236,'1535','VISCOSE BLEND KNIT POLO SHIRT','Collared knit polo shirt made of a spun viscose blend. Button-up front. Short sleeves. Ribbed trims.',89.00,'assets\\images\\products\\SWEATERS\\3003306700_2_1_1.jpg',_binary '\0',20,'2023-01-06 22:38:13.000000',NULL,6),(237,'1536','KNIT COTTON POLO SHIRT','Knit polo shirt made of spun cotton fabric. Buttoned placket on the front. Short sleeves. Ribbed trims.',72.00,'assets\\images\\products\\SWEATERS\\3003307712_2_1_1.jpg',_binary '\0',20,'2023-01-07 22:38:13.000000',NULL,6),(238,'1537','RIBBED KNIT POLO SHIRT','Knit polo shirt made of a spun cotton blend. Round neck and short sleeves.',59.00,'assets\\images\\products\\SWEATERS\\3003308712_2_1_1.jpg',_binary '\0',20,'2023-01-08 22:38:13.000000',NULL,6),(239,'1538','KNIT T-SHIRT WITH VISCOSE','Knit T-shirt made of a spun viscose blend. Round neck and short sleeves. Ribbed trims.',99.00,'assets\\images\\products\\SWEATERS\\3166307712_2_1_1.jpg',_binary '\0',20,'2023-01-09 22:38:13.000000',NULL,6),(240,'1539','CROCHET KNIT SHIRT','Relaxed fit shirt made of open textured fabric. Camp collar and short sleeves. Button-up front.',99.00,'assets\\images\\products\\SWEATERS\\3166308251_2_1_1.jpg',_binary '\0',20,'2023-01-10 22:38:13.000000',NULL,6),(241,'1540','PATCHWORK JACQUARD KNIT SHIRT','Knit shirt with a camp collar and short sleeves. Ribbed trims. Button-up front.',92.00,'assets\\images\\products\\SWEATERS\\3166313712_2_1_1.jpg',_binary '\0',20,'2023-01-11 22:38:13.000000',NULL,6),(242,'1541','ABSTRACT PRINT TULLE SHIRT','Relaxed fit shirt made of semi-sheer fabric. Camp collar and short sleeves. Button-up front.',82.00,'assets\\images\\products\\SWEATERS\\3284305707_2_1_1.jpg',_binary '\0',20,'2023-01-12 22:38:13.000000',NULL,6),(243,'1542','TEXTURED SHIRT WITH GEOMETRIC DESIGN','Relaxed fit shirt. Camp collar and short sleeves. Button-up front.',95.00,'assets\\images\\products\\SWEATERS\\3284307818_2_1_1.jpg',_binary '\0',20,'2023-01-13 22:38:13.000000',NULL,6),(244,'1543','GEOMETRIC JACQUARD KNIT POLO SHIRT','Collared knit polo shirt with front fastening. Short sleeves. Contrast ribbed trims.',65.00,'assets\\images\\products\\SWEATERS\\3284311401_2_1_1.jpg',_binary '\0',20,'2023-01-14 22:38:13.000000',NULL,6),(245,'1544','WAVE JACQUARD KNIT POLO SHIRT','Collared knit polo shirt made of spun cotton blend fabric. Buttoned placket on the front. Short sleeves. Ribbed trims.',70.00,'assets\\images\\products\\SWEATERS\\3284312615_2_1_1.jpg',_binary '\0',20,'2023-01-15 22:38:13.000000',NULL,6),(246,'1545','KNIT POLO SHIRT WITH ABSTRACT PRINT','Collared knit polo shirt featuring a button-up front and short sleeves.',95.00,'assets\\images\\products\\SWEATERS\\3471301800_2_1_1.jpg',_binary '\0',20,'2023-01-16 22:38:13.000000',NULL,6),(247,'1546','PURL KNIT POLO SHIRT','Knit loose-fitting collared polo shirt made of spun cotton fabric. Button fastening on the front. Short sleeves. Ribbed trims.',98.00,'assets\\images\\products\\SWEATERS\\3529300800_2_1_1.jpg',_binary '\0',20,'2023-01-17 22:38:13.000000',NULL,6),(248,'1547','TIE-DYE RIPPED KNIT T-SHIRT','Loose-fitting knit T-shirt with round neckline, short sleeves and ripped effect.',80.00,'assets\\images\\products\\SWEATERS\\3529301800_2_1_1.jpg',_binary '\0',20,'2023-01-18 22:38:13.000000',NULL,6),(249,'1548','PRINTED KNIT T-SHIRT','Knit T-shirt made of spun cotton fabric. Round neck and short sleeves. Contrast prints all over the garment.',58.00,'assets\\images\\products\\SWEATERS\\3597301800_2_1_1.jpg',_binary '\0',20,'2023-01-19 22:38:13.000000',NULL,6),(250,'1549','PRINTED KNIT SWEATER','Knit sweater with a round neck and long sleeves. Contrast print all over the garment.',95.00,'assets\\images\\products\\SWEATERS\\3597302505_2_1_1.jpg',_binary '\0',20,'2023-01-20 22:38:13.000000',NULL,6),(251,'1550','PRINTED KNIT T-SHIRT','Knit T-shirt made of a spun cotton fabric. Round neck and short sleeves. Contrast graphic print on the front.',53.00,'assets\\images\\products\\SWEATERS\\3597307600_2_1_1.jpg',_binary '\0',20,'2023-01-21 22:38:13.000000',NULL,6),(252,'1551','PRINTED KNIT T-SHIRT','Knit T-shirt made of spun cotton fabric. Round neck and short sleeves. Contrast prints on the front.',53.00,'assets\\images\\products\\SWEATERS\\3597312401_2_1_1.jpg',_binary '\0',20,'2023-01-22 22:38:13.000000',NULL,6),(253,'1552','HIGH NECK SWEATER WITH ZIP','Sweater made of a spun viscose blend. High neck with front zip fastening. Short sleeves and ribbed trims.',86.00,'assets\\images\\products\\SWEATERS\\3597318712_2_1_1.jpg',_binary '\0',20,'2023-01-23 22:38:13.000000',NULL,6),(254,'1553','KNIT T-SHIRT','Knit T-shirt made of a spun cotton blend. Round neck and short sleeves.',71.00,'assets\\images\\products\\SWEATERS\\3597319806_2_1_1.jpg',_binary '\0',20,'2023-01-24 22:38:13.000000',NULL,6),(255,'1554','MUSCLE FIT KNIT T-SHIRT','Faded knit T-shirt with a round neckline and fitted short sleeves.',46.00,'assets\\images\\products\\SWEATERS\\3597321500_2_1_1.jpg',_binary '\0',20,'2023-01-25 22:38:13.000000',NULL,6),(256,'1555','HOODED CROCHET SWEATER','Sweater made of an open textured fabric. Collar with an adjustable hood. Long sleeves. Ribbed trims.',94.00,'assets\\images\\products\\SWEATERS\\3991321500_2_1_1.jpg',_binary '\0',20,'2023-01-26 22:38:13.000000',NULL,6),(257,'1556','TEXTURED CROCHET KNIT POLO SHIRT','Knit polo shirt with an open texture. Lapel collar with front opening. Short sleeves. Ribbed trims.',97.00,'assets\\images\\products\\SWEATERS\\4087327500_2_1_1.jpg',_binary '\0',20,'2023-01-27 22:38:13.000000',NULL,6),(258,'1557','TEXTURED CROCHET KNIT POLO SHIRT','Knit collared polo shirt with an open texture. Front button fastening. Long sleeves. Ribbed trims.',65.00,'assets\\images\\products\\SWEATERS\\4090300401_2_1_1.jpg',_binary '\0',20,'2023-01-28 22:38:13.000000',NULL,6),(259,'1558','COLOUR BLOCK KNIT POLO SHIRT WITH PATCHES','Collared knit polo shirt in an irregular spun fabric. Button-up front. Short sleeves. Ribbed trims.',78.00,'assets\\images\\products\\SWEATERS\\4231425707_2_1_1.jpg',_binary '\0',20,'2023-01-29 22:38:13.000000',NULL,6),(260,'1559','COTTON AND SILK KNIT POLO SHIRT','Knit polo shirt in a spun cotton and silk blend fabric. Lapel collar with front button fastening and long sleeves. Ribbed trims.',62.00,'assets\\images\\products\\SWEATERS\\4331300403_2_1_1.jpg',_binary '\0',20,'2023-01-30 22:38:13.000000',NULL,6),(261,'1560','KNIT OVERSIZE T-SHIRT','Knit oversize T-shirt. Round neck and short sleeves.',57.00,'assets\\images\\products\\SWEATERS\\4374300801_2_1_1.jpg',_binary '\0',20,'2023-01-31 22:38:13.000000',NULL,6),(262,'1561','LYOCELL - COTTON KNIT POLO SHIRT','Collared knit polo shirt made of spun lyocell, cotton and silk blend fabric. Button-up front. Short sleeves. Ribbed trims.',73.00,'assets\\images\\products\\SWEATERS\\4805302800_2_1_1.jpg',_binary '\0',20,'2023-02-01 22:38:13.000000',NULL,6),(263,'1562','STRIPED KNIT POLO SHIRT','Collared polo shirt made of a spun viscose blend. Button-up front. Short sleeves. Ribbed trims.',83.00,'assets\\images\\products\\SWEATERS\\4805307800_2_1_1.jpg',_binary '\0',20,'2023-02-02 22:38:13.000000',NULL,6),(264,'1563','KNIT COTTON T-SHIRT','Knit T-shirt made of spun cotton fabric. Featuring a round neckline and short sleeves.',94.00,'assets\\images\\products\\SWEATERS\\4805309800_2_1_1.jpg',_binary '\0',20,'2023-02-03 22:38:13.000000',NULL,6),(265,'1564','KNIT POLO SHIRT WITH OPENING','Knit polo shirt made of a spun viscose blend fabric. Featuring a collar with front opening. Long sleeves.',76.00,'assets\\images\\products\\SWEATERS\\4938302800_2_1_1.jpg',_binary '\0',20,'2023-02-04 22:38:13.000000',NULL,6),(266,'1565','KNIT COTTON POLO SHIRT','Round collar knit polo shirt in spun cotton fabric. Button fastening on the front and short sleeves. Ribbed trims.Origins special collection.',74.00,'assets\\images\\products\\SWEATERS\\5536306800_2_1_1.jpg',_binary '\0',20,'2023-02-05 22:38:13.000000',NULL,6),(267,'1566','VEST WITH LEATHER POCKET - LIMITED EDITION','Sleeveless vest made of a spun cotton blend fabric. V-neck. Contrast leather patch pocket on the chest. Ribbed trims.',58.00,'assets\\images\\products\\SWEATERS\\5755300400_2_1_1.jpg',_binary '\0',20,'2023-02-06 22:38:13.000000',NULL,6),(268,'1567','KNIT VEST - LIMITED EDITION','V-neck knit vest made of a spun cotton blend. Ribbed trims.',46.00,'assets\\images\\products\\SWEATERS\\5755301800_2_1_1.jpg',_binary '\0',20,'2023-02-07 22:38:13.000000',NULL,6),(269,'1568','TEXTURED KNIT T-SHIRT','Knit T-shirt made of spun cotton fabric. Round neck and short sleeves. Ribbed trims.',51.00,'assets\\images\\products\\SWEATERS\\5755305700_2_1_1.jpg',_binary '\0',20,'2023-02-08 22:38:13.000000',NULL,6),(270,'1569','HIGH NECK KNIT T-SHIRT','Knit high neck T-shirt with short sleeves and ribbed trims.',61.00,'assets\\images\\products\\SWEATERS\\5755307652_2_1_1.jpg',_binary '\0',20,'2023-02-09 22:38:13.000000',NULL,6),(271,'1570','KNIT POLO SHIRT WITH ZIP','Collared knit polo shirt. Front zip fastening. Short sleeves with contrast ribbed trims.',50.00,'assets\\images\\products\\SWEATERS\\5755308515_2_1_1.jpg',_binary '\0',20,'2023-02-10 22:38:13.000000',NULL,6),(272,'1571','LINEN - VISCOSE KNIT SHIRT','Loose-fitting knit shirt made of a spun linen and viscose blend. Camp collar and short sleeves. Chest patch pocket. Contrast topstitching detail. Button-up front.',75.00,'assets\\images\\products\\SWEATERS\\5755315700_2_1_1.jpg',_binary '\0',20,'2023-02-11 22:38:13.000000',NULL,6),(273,'1572','LINEN - VISCOSE KNIT T-SHIRT','Knit oversize T-shirt made of a spun linen and viscose blend. Round neck and short sleeves. Ribbed trims.',95.00,'assets\\images\\products\\SWEATERS\\5755320401_2_1_1.jpg',_binary '\0',20,'2023-02-12 22:38:13.000000',NULL,6),(274,'1573','LINEN - COTTON CARDIGAN','Loose-fitting cardigan made of a spun viscose and linen blend. Featuring a lapel collar, long sleeves and a button-up front.',52.00,'assets\\images\\products\\SWEATERS\\6216307526_2_1_1.jpg',_binary '\0',20,'2023-02-13 22:38:13.000000',NULL,6),(275,'1574','CROCHET KNIT T-SHIRT','Short sleeve knit T-shirt made of an open-textured fabric. Round neck and ribbed trims.',54.00,'assets\\images\\products\\SWEATERS\\6216310401_2_1_1.jpg',_binary '\0',20,'2023-02-14 22:38:13.000000',NULL,6),(276,'1575','CROCHET KNIT SHIRT','Relaxed fit shirt made of an open-textured fabric. Camp collar and short sleeves. Ribbed trims. Button-up front.',85.00,'assets\\images\\products\\SWEATERS\\6462312526_2_1_1.jpg',_binary '\0',20,'2023-02-15 22:38:13.000000',NULL,6),(277,'1576','GEOMETRIC JACQUARD KNIT SHIRT','Relaxed fit knit shirt. Camp collar and short sleeves. Button-up front.',48.00,'assets\\images\\products\\SWEATERS\\6674300802_6_2_1.jpg',_binary '\0',20,'2023-02-16 22:38:13.000000',NULL,6),(278,'1577','GEOMETRIC KNIT JACQUARD BERMUDA SHORTS','Relaxed-fit Bermuda shorts. Elastic waistband and front pockets.',87.00,'assets\\images\\products\\SWEATERS\\6674302822_2_1_1.jpg',_binary '\0',20,'2023-02-17 22:38:13.000000',NULL,6),(279,'1578','PATCHWORK JACQUARD KNIT BERMUDA SHORTS','Knit Bermuda shorts featuring an adjustable elasticated waistband with drawstrings. Side pockets.',75.00,'assets\\images\\products\\SWEATERS\\6771302800_2_1_1.jpg',_binary '\0',20,'2023-02-18 22:38:13.000000',NULL,6),(280,'1579','CROCHET TANK TOP','Round neck tank top in a textured open knit fabric.',66.00,'assets\\images\\products\\SWEATERS\\6771305507_2_1_1.jpg',_binary '\0',20,'2023-02-19 22:38:13.000000',NULL,6),(281,'1580','CROCHET VEST','Sleeveless knit vest made of an open-textured fabric. Round neck. Ribbed trims.',89.00,'assets\\images\\products\\SWEATERS\\6771310712_2_1_1.jpg',_binary '\0',20,'2023-02-20 22:38:13.000000',NULL,6),(282,'1581','FLORAL JACQUARD VEST','Knit vest. Sleeveless with a round neck. Ribbed trims.',73.00,'assets\\images\\products\\SWEATERS\\9598302731_2_1_1.jpg',_binary '\0',20,'2023-02-21 22:38:13.000000',NULL,6),(283,'1582','TEXTURED KNIT VEST','Knit V-neck vest made of spun cotton fabric. Ribbed trims.',94.00,'assets\\images\\products\\SWEATERS\\9598304710_2_1_1.jpg',_binary '\0',20,'2023-02-22 22:38:13.000000',NULL,6),(284,'1583','KNIT TANK TOP','Sleeveless knit top. Wide round neck. Contrast ribbed trims.',86.00,'assets\\images\\products\\SWEATERS\\9598307515_2_1_1.jpg',_binary '\0',20,'2023-02-23 22:38:13.000000',NULL,6),(285,'1584','TEXTURED GEOMETRIC PRINT KNIT POLO SHIRT','Knit collared polo shirt with an open texture. Front button fastening. Short sleeves. Ribbed trims.',83.00,'assets\\images\\products\\SWEATERS\\9598308712_2_1_1.jpg',_binary '\0',20,'2023-02-24 22:38:13.000000',NULL,6),(286,'1585','SWEATSHIRT WITH ZIP COLLAR','Sweatshirt featuring a high neck with front zip fastening, long sleeves and ribbed trims.',66.00,'assets\\images\\products\\SWEATSHIRTS\\0526302708_1_1_1.jpg',_binary '\0',20,'2023-02-25 22:38:13.000000',NULL,7),(288,'1587','COTTON HOODIE','Hoodie made of compact cotton fabric. Adjustable hood and long sleeves. Front pouch pocket. Ribbed trims.Zara Athleticz.',78.00,'assets\\images\\products\\SWEATSHIRTS\\0679307403_2_1_1.jpg',_binary '\0',20,'2023-02-27 22:38:13.000000',NULL,7),(289,'1588','PREMIUM SWEATSHIRT','Loose-fitting sweatshirt with a wide ribbed neck and short sleeves.',55.00,'assets\\images\\products\\SWEATSHIRTS\\0722355802_2_1_1.jpg',_binary '\0',20,'2023-02-28 22:38:13.000000',NULL,7),(290,'1589','SWEATSHIRT WITH CONTRAST TRIMS','Loose-fitting sweatshirt with a round neck and short sleeves. Contrast piping details on the front and back. Ribbed trims.',72.00,'assets\\images\\products\\SWEATSHIRTS\\0761309251_2_1_1.jpg',_binary '\0',20,'2023-03-01 22:38:13.000000',NULL,7),(291,'1590','RIBBED SWEATSHIRT','Short sleeve sweatshirt with a round neck.',90.00,'assets\\images\\products\\SWEATSHIRTS\\0761324712_2_1_1.jpg',_binary '\0',20,'2023-03-02 22:38:13.000000',NULL,7),(292,'1591','POLO SWEATSHIRT','Collared polo shirt with a buttoned front hidden by a placket. Long sleeves. Ribbed trims.',96.00,'assets\\images\\products\\SWEATSHIRTS\\0761331712_2_1_1.jpg',_binary '\0',20,'2023-03-03 22:38:13.000000',NULL,7),(293,'1592','POLO SWEATSHIRT','Collared polo made of compact cotton fabric. Front button fastening, long sleeves and ribbed trims.',48.00,'assets\\images\\products\\SWEATSHIRTS\\0761350981_2_1_1.jpg',_binary '\0',20,'2023-03-04 22:38:13.000000',NULL,7),(294,'1593','CONTRAST PRINT SWEATSHIRT','Sweatshirt with a round neck and long sleeves. Contrast prints on the front and back. Ribbed trims.',62.00,'assets\\images\\products\\SWEATSHIRTS\\0761387706_2_1_1.jpg',_binary '\0',20,'2023-03-05 22:38:13.000000',NULL,7),(295,'1594','PRINTED SWEATSHIRT WITH SLOGAN','Oversize sweatshirt with a round neck and long sleeves. Contrast slogan print on the front and back. Ribbed trims.',91.00,'assets\\images\\products\\SWEATSHIRTS\\0761438401_2_1_1.jpg',_binary '\0',20,'2023-03-06 22:38:13.000000',NULL,7),(296,'1595','THE NOTORIOUS B.I.G. © BROOKLYN MINT SWEATSHIRT','Long sleeve sweatshirt with a round neckline. Notorious B.I.G. © Brooklyn Mint, LLC contrast slogan print on the front. Faded effect. Ribbed trims.',51.00,'assets\\images\\products\\SWEATSHIRTS\\0840300251_2_1_1.jpg',_binary '\0',20,'2023-03-07 22:38:13.000000',NULL,7),(297,'1596','CONTRAST PRINT SWEATSHIRT','Sweatshirt with a round neckline and long sleeves. Contrast prints on the front and back. Ribbed trims.',49.00,'assets\\images\\products\\SWEATSHIRTS\\0962328044_2_1_1.jpg',_binary '\0',20,'2023-03-08 22:38:13.000000',NULL,7),(298,'1597','CONTRAST PRINT SWEATSHIRT','Boxy fit sweatshirt with a round neck and short sleeves. Contrast prints on the front.',52.00,'assets\\images\\products\\SWEATSHIRTS\\0962338505_2_1_1.jpg',_binary '\0',20,'2023-03-09 22:38:13.000000',NULL,7),(299,'1598','PAPER PATCH SWEATSHIRT','Loose-fitting sweatshirt with a round neck and short sleeves. Patch on the front made of kraft paper with a printed slogan. Irregular finish with contrast topstitching detail.',93.00,'assets\\images\\products\\SWEATSHIRTS\\1165316403_2_1_1.jpg',_binary '\0',20,'2023-03-10 22:38:13.000000',NULL,7),(300,'1599','SWEATSHIRT WITH PRINTED SLOGANS','Loose-fitting sweatshirt with a round neck and short sleeves. Featuring a contrast slogan print all over the garment.',46.00,'assets\\images\\products\\SWEATSHIRTS\\1165324529_2_1_1.jpg',_binary '\0',20,'2023-03-11 22:38:13.000000',NULL,7),(301,'1600','SWEATSHIRT WITH EMBROIDERY AND SLOGANS','Round neck sweatshirt with short sleeves. Contrast embroidery and prints on the front and back. Ribbed trims.',71.00,'assets\\images\\products\\SWEATSHIRTS\\1698302712_2_1_1.jpg',_binary '\0',20,'2023-03-12 22:38:13.000000',NULL,7),(302,'1601','PRINTED SWEATSHIRT WITH SLOGAN','Sweatshirt with a round neck and short sleeves. Featuring a contrast print on the front.',58.00,'assets\\images\\products\\SWEATSHIRTS\\1732314446_2_1_1.jpg',_binary '\0',20,'2023-03-13 22:38:13.000000',NULL,7),(303,'1602','SWEATSHIRT WITH PRINTED SLOGANS','Sweatshirt with a round neck and short sleeves. Contrast prints on the front and back.',50.00,'assets\\images\\products\\SWEATSHIRTS\\2160301802_2_1_1.jpg',_binary '\0',20,'2023-03-14 22:38:13.000000',NULL,7),(304,'1603','MICKEY MOUSE © DISNEY SWEATSHIRT','Loose-fitting short sleeve sweatshirt with a round neck. Mickey Mouse © Disney prints on the front and back.',73.00,'assets\\images\\products\\SWEATSHIRTS\\2795317712_2_1_1.jpg',_binary '\0',20,'2023-03-15 22:38:13.000000',NULL,7),(305,'1604','SWEATSHIRT WITH CROCHET POCKET','Loose-fitting sweatshirt with a round neck and short sleeves. Front patch pocket in matching crochet.',63.00,'assets\\images\\products\\SWEATSHIRTS\\4087317505_2_1_1.jpg',_binary '\0',20,'2023-03-16 22:38:13.000000',NULL,7),(306,'1605','HATTHANAN™ PRINT HOODIE','Adjustable hoodie with long sleeves. Contrast Hatthanan™ graphic print on the back. Ribbed trims.Zara Athleticz.',91.00,'assets\\images\\products\\SWEATSHIRTS\\5039501251_2_1_1.jpg',_binary '\0',20,'2023-03-17 22:38:13.000000',NULL,7),(307,'1606','TECHNICAL TRAINING SWEATSHIRT','Sweatshirt made of an elastic and lightweight technical fabric.- Round neck and long sleeves with ribbed cuffs. - Adjustable hem with elastic side gores. - Printed front logo detail.Zara Athleticz.View more',70.00,'assets\\images\\products\\SWEATSHIRTS\\5643302250_2_1_1.jpg',_binary '\0',20,'2023-03-18 22:38:13.000000',NULL,7),(308,'1607','OVERSIZE HOODIE','Oversize adjustable hoodie. Short sleeves. Front pouch pocket.',65.00,'assets\\images\\products\\SWEATSHIRTS\\5644301403_2_1_1.jpg',_binary '\0',20,'2023-03-19 22:38:13.000000',NULL,7),(309,'1608','SWEATSHIRT WITH CONTRAST TOPSTITCHING','Loose-fitting sweatshirt with a round neck and short sleeves. Featuring contrast topstitching all over the garment.',67.00,'assets\\images\\products\\SWEATSHIRTS\\6224297251_2_1_1.jpg',_binary '\0',20,'2023-03-20 22:38:13.000000',NULL,7),(310,'1609','WASHED EFFECT HOODIE','Cropped hoodie with long sleeves and ribbed cuffs. Faded with an irregular hem.',92.00,'assets\\images\\products\\SWEATSHIRTS\\6224342712_2_1_1.jpg',_binary '\0',20,'2023-03-21 22:38:13.000000',NULL,7),(311,'1610','HOODIE','Hoodie made of cotton with a napped interior. Adjustable hood and long sleeves. Front pouch pocket and ribbed trims.',66.00,'assets\\images\\products\\SWEATSHIRTS\\6224345251_2_1_1.jpg',_binary '\0',20,'2023-03-22 22:38:13.000000',NULL,7),(312,'1611','CROPPED DENIM SWEATSHIRT','Oversize fit cropped faded sweatshirt featuring a round neck, short sleeves and irregular trims.',70.00,'assets\\images\\products\\SWEATSHIRTS\\6224399251_2_1_1.jpg',_binary '\0',20,'2023-03-23 22:38:13.000000',NULL,7),(313,'1612','DENIM T-SHIRT WITH ABSTRACT PRINT','Lightweight denim T-shirt with a round neckline and short sleeves.',90.00,'assets\\images\\products\\SWEATSHIRTS\\6462330251_2_1_1.jpg',_binary '\0',20,'2023-03-24 22:38:13.000000',NULL,7),(314,'1613','VINTAGE FADED DENIM T-SHIRT','T-shirt made of lightweight denim. Featuring a round neckline, short sleeves and a vintage-effect fade.',78.00,'assets\\images\\products\\SWEATSHIRTS\\7627302090_2_1_1.jpg',_binary '\0',20,'2023-03-25 22:38:13.000000',NULL,7),(315,'1614','TIE-DYE PRINT SWEATSHIRT','Round neck sweatshirt with short sleeves and irregular trims.',59.00,'assets\\images\\products\\SWEATSHIRTS\\7627304400_2_1_1.jpg',_binary '\0',20,'2023-03-26 22:38:13.000000',NULL,7),(316,'1615','TIE-DYE DENIM HOODIE','Denim sweatshirt. Round neck and short sleeves. Ribbed trims.',92.00,'assets\\images\\products\\SWEATSHIRTS\\7627305426_2_1_1.jpg',_binary '\0',20,'2023-03-27 22:38:13.000000',NULL,7),(317,'1616','HEAT-REACTIVE PRINT T-SHIRT','Loose-fitting T-shirt with a round neck and short sleeves. Featuring a front print that changes colour when exposed to heat.',50.00,'assets\\images\\products\\T-SHIRTS\\0495328688_2_1_1.jpg',_binary '\0',20,'2023-03-28 22:38:13.000000',NULL,8),(318,'1617','T-SHIRT WITH SUNLIGHT-REACTIVE SLOGAN','Loose-fitting T-shirt with a round neck and short sleeves. Featuring a front slogan print that appears when exposed to sunlight.',55.00,'assets\\images\\products\\T-SHIRTS\\0495335251_2_1_1.jpg',_binary '\0',20,'2023-03-29 22:38:13.000000',NULL,8),(319,'1618','SWEATSHIRT WITH PRINTED SLOGANS','Loose-fitting sweatshirt with a round neck and short sleeves. Featuring a contrast slogan print all over the garment.',95.00,'assets\\images\\products\\T-SHIRTS\\0679302710_2_1_1.jpg',_binary '\0',20,'2023-03-30 22:38:13.000000',NULL,8),(320,'1619','CONTRAST PRINTED T-SHIRT','T-shirt with a round neckline and short sleeves. Contrast prints on the front and back.',79.00,'assets\\images\\products\\T-SHIRTS\\0679340802_6_2_1.jpg',_binary '\0',20,'2023-03-31 22:38:13.000000',NULL,8),(321,'1620','SWEATSHIRT WITH EMBROIDERY AND SLOGANS','Round neck sweatshirt with short sleeves. Contrast embroidery and prints on the front and back. Ribbed trims.',73.00,'assets\\images\\products\\T-SHIRTS\\0722337050_2_1_1.jpg',_binary '\0',20,'2023-04-01 22:38:13.000000',NULL,8),(322,'1621','FADED PRINTED T-SHIRT','Round neck T-shirt with short sleeves. Contrast print on the front. Vintage faded effect.The garment is unique thanks to its special washing process. For this reason, it may differ in colour from that of the photo.View more',100.00,'assets\\images\\products\\T-SHIRTS\\0722339833_2_1_1.jpg',_binary '\0',20,'2023-04-02 22:38:13.000000',NULL,8),(323,'1622','FADED COLOURED T-SHIRT','Loose-fitting faded T-shirt with a round neckline and short sleeves.The garment is unique thanks to its special dyeing and washing process. For this reason, it may differ in colour from that of the photo.View more',94.00,'assets\\images\\products\\T-SHIRTS\\0722355802_2_1_1.jpg',_binary '\0',20,'2023-04-03 22:38:13.000000',NULL,8),(324,'1623','TIE-DYE PRINTED T-SHIRT','Loose-fitting T-shirt with a round neckline and short sleeves. Creased effect.The garment is unique thanks to its special printing process. For this reason, it may differ in colour from that of the photo.View more',76.00,'assets\\images\\products\\T-SHIRTS\\0761309251_2_1_1.jpg',_binary '\0',20,'2023-04-04 22:38:13.000000',NULL,8),(325,'1624','ACID WASH PRINT T-SHIRT','Acid wash T-shirt with round neck and short sleeves.The garment is unique thanks to its special washing process. For this reason, it may differ in colour from that of the photo.View more',46.00,'assets\\images\\products\\T-SHIRTS\\0761314250_2_1_1.jpg',_binary '\0',20,'2023-04-05 22:38:13.000000',NULL,8),(326,'1625','SLOGAN PRINT T-SHIRT','Faded T-shirt with a round neck and short sleeves. Contrast print on the front.',70.00,'assets\\images\\products\\T-SHIRTS\\0761438401_2_1_1.jpg',_binary '\0',20,'2023-04-06 22:38:13.000000',NULL,8),(327,'1626','BASIC SLIM FIT T-SHIRT','Stretch cotton T-shirt featuring a round neck and short sleeves.',72.00,'assets\\images\\products\\T-SHIRTS\\0840304800_2_1_1.jpg',_binary '\0',20,'2023-04-07 22:38:13.000000',NULL,8),(328,'1627','SLOGAN PRINT T-SHIRT','Loose-fitting T-shirt with a round neck and short sleeves. Contrast front print.',60.00,'assets\\images\\products\\T-SHIRTS\\0962318250_2_1_1.jpg',_binary '\0',20,'2023-04-08 22:38:13.000000',NULL,8),(329,'1628','WATERCOLOUR PRINT T-SHIRT','Oversize round neck T-shirt with short sleeves. Contrast prints on the front and back.',74.00,'assets\\images\\products\\T-SHIRTS\\0962322615_2_1_1.jpg',_binary '\0',20,'2023-04-09 22:38:13.000000',NULL,8),(330,'1629','PREMIUM SWEATSHIRT','Loose-fitting sweatshirt with a wide ribbed neck and short sleeves.',93.00,'assets\\images\\products\\T-SHIRTS\\0962341310_2_1_1.jpg',_binary '\0',20,'2023-04-10 22:38:13.000000',NULL,8),(331,'1630','TEXTURED T-SHIRT','Round neck T-shirt with short sleeves.',45.00,'assets\\images\\products\\T-SHIRTS\\0977305800_2_1_1.jpg',_binary '\0',20,'2023-04-11 22:38:13.000000',NULL,8),(332,'1631','T-SHIRT WITH EMBROIDERED SLOGAN','Loose-fitting T-shirt with a round neckline and short sleeves. Embroidered contrast slogan on the front.',46.00,'assets\\images\\products\\T-SHIRTS\\0977307251_2_1_1.jpg',_binary '\0',20,'2023-04-12 22:38:13.000000',NULL,8),(333,'1632','T-SHIRT WITH EMBROIDERED SLOGAN','Wide T-shirt with a round neck and short sleeves. Featuring front matching hemstitch and embroidered slogan. Asymmetric hem with side vents.',87.00,'assets\\images\\products\\T-SHIRTS\\1165315643_2_1_1.jpg',_binary '\0',20,'2023-04-13 22:38:13.000000',NULL,8),(334,'1633','T-SHIRT WITH CALLIGRAPHY PRINT','Loose-fitting round neck T-shirt with short sleeves. Contrast prints on the front and back. Contrast topstitched trims.',84.00,'assets\\images\\products\\T-SHIRTS\\1165326805_2_1_1.jpg',_binary '\0',20,'2023-04-14 22:38:13.000000',NULL,8),(335,'1634','SWEATSHIRT WITH CONTRAST TRIMS','Loose-fitting sweatshirt with a round neck and short sleeves. Contrast piping details on the front and back. Ribbed trims.',65.00,'assets\\images\\products\\T-SHIRTS\\1259350629_6_2_1.jpg',_binary '\0',20,'2023-04-15 22:38:13.000000',NULL,8),(336,'1635','CONTRAST PRINTED T-SHIRT','Round neck T-shirt with short sleeves. Matching textured velvet print on the front.',53.00,'assets\\images\\products\\T-SHIRTS\\2160302800_2_1_1.jpg',_binary '\0',20,'2023-04-16 22:38:13.000000',NULL,8),(337,'1636','CONTRAST PRINTED T-SHIRT','Loose-fitting T-shirt made of cotton fabric. Round neck and short sleeves. Contrast reflective-effect prints on the front and back.Zara Athleticz.',87.00,'assets\\images\\products\\T-SHIRTS\\2621406700_2_1_1.jpg',_binary '\0',20,'2023-04-17 22:38:13.000000',NULL,8),(338,'1637','HATTHANAN™ PRINT T-SHIRT','T-shirt made of cotton. Round neck and short sleeves. Contrast Hatthanan™ graphic print on the back.Zara Athleticz.',58.00,'assets\\images\\products\\T-SHIRTS\\2795317712_2_1_1.jpg',_binary '\0',20,'2023-04-18 22:38:13.000000',NULL,8),(339,'1638','T-SHIRT WITH PRINTED LOGO','T-shirt made of a cotton fabric. Round neck and short sleeves. Contrast prints on the front and back.Zara Athleticz.',54.00,'assets\\images\\products\\T-SHIRTS\\3166308251_2_1_1.jpg',_binary '\0',20,'2023-04-19 22:38:13.000000',NULL,8),(340,'1639','STRIPED T-SHIRT','Loose-fitting T-shirt with round neckline and short sleeves.',86.00,'assets\\images\\products\\T-SHIRTS\\3665302800_2_1_1.jpg',_binary '\0',20,'2023-04-20 22:38:13.000000',NULL,8),(341,'1640','STRIPED T-SHIRT','Round neck T-shirt with short sleeves. Contrast embroidery on the chest.',89.00,'assets\\images\\products\\T-SHIRTS\\3665310300_2_1_1.jpg',_binary '\0',20,'2023-04-21 22:38:13.000000',NULL,8),(342,'1641','CONTRAST PRINTED T-SHIRT','Round neck T-shirt with short sleeves. Contrast prints on the front and back.',52.00,'assets\\images\\products\\T-SHIRTS\\3992301802_2_1_1.jpg',_binary '\0',20,'2023-04-22 22:38:13.000000',NULL,8),(343,'1642','TEXTURED OTTOMAN T-SHIRT','Loose-fitting short sleeve T-shirt with a round neckline.',49.00,'assets\\images\\products\\T-SHIRTS\\3992302802_2_1_1.jpg',_binary '\0',20,'2023-04-23 22:38:13.000000',NULL,8),(344,'1643','MUSCLE FIT KNIT T-SHIRT','Faded knit T-shirt with a round neckline and fitted short sleeves.',100.00,'assets\\images\\products\\T-SHIRTS\\3992311629_2_1_1.jpg',_binary '\0',20,'2023-04-24 22:38:13.000000',NULL,8),(345,'1644','SWEATSHIRT WITH CONTRAST TOPSTITCHING','Loose-fitting sweatshirt with a round neck and short sleeves. Featuring contrast topstitching all over the garment.',65.00,'assets\\images\\products\\T-SHIRTS\\3992313802_2_1_1.jpg',_binary '\0',20,'2023-04-25 22:38:13.000000',NULL,8),(346,'1645','RIPPED T-SHIRT','Loose-fitting T-shirt with a round neck and short sleeves. Faded effect. Rip details all over the garment.',55.00,'assets\\images\\products\\T-SHIRTS\\3992314804_2_1_1.jpg',_binary '\0',20,'2023-04-26 22:38:13.000000',NULL,8),(347,'1646','RIPPED T-SHIRT','Loose-fitting T-shirt with a round neck and short sleeves. Rip details all over the garment.',100.00,'assets\\images\\products\\T-SHIRTS\\3992319982_2_1_1.jpg',_binary '\0',20,'2023-04-27 22:38:13.000000',NULL,8),(348,'1647','TIE-DYE RIPPED KNIT T-SHIRT','Loose-fitting knit T-shirt with round neckline, short sleeves and ripped effect.',83.00,'assets\\images\\products\\T-SHIRTS\\3992321802_2_1_1.jpg',_binary '\0',20,'2023-04-28 22:38:13.000000',NULL,8),(349,'1648','PRINTED RIPPED T-SHIRT','T-shirt with a round neck and short sleeves. Contrast slogan print detail on the front and back. Ripped-effect details all over the garment.',99.00,'assets\\images\\products\\T-SHIRTS\\3992324707_2_1_1.jpg',_binary '\0',20,'2023-04-29 22:38:13.000000',NULL,8),(350,'1649','RIPPED T-SHIRT WITH SLOGAN','Faded T-shirt with a round neck and short sleeves. Ripped effect. Contrast print on the back.',96.00,'assets\\images\\products\\T-SHIRTS\\3992331250_2_1_1.jpg',_binary '\0',20,'2023-04-30 22:38:13.000000',NULL,8),(351,'1650','RIB NECK T-SHIRT','Loose-fitting T-shirt with a wide rib neckline and short sleeves.',65.00,'assets\\images\\products\\T-SHIRTS\\4087461527_2_1_1.jpg',_binary '\0',20,'2023-05-01 22:38:13.000000',NULL,8),(352,'1651','KNIT T-SHIRT WITH VISCOSE','Knit T-shirt made of a spun viscose blend. Round neck and short sleeves. Ribbed trims.',48.00,'assets\\images\\products\\T-SHIRTS\\4087480807_2_1_1.jpg',_binary '\0',20,'2023-05-02 22:38:13.000000',NULL,8),(353,'1652','MUSCLE FIT RIBBED T-SHIRT','Slim fit T-shirt with a round neck and fitted short sleeves.',89.00,'assets\\images\\products\\T-SHIRTS\\4092301800_2_1_1.jpg',_binary '\0',20,'2023-05-03 22:38:13.000000',NULL,8),(354,'1653','RIBBED TANK TOP','Sleeveless top with a wide round neckline.',91.00,'assets\\images\\products\\T-SHIRTS\\4092304400_2_1_1.jpg',_binary '\0',20,'2023-05-04 22:38:13.000000',NULL,8),(355,'1654','GRAFFITI PRINT T-SHIRT','T-shirt with a round neckline and short sleeves. Featuring a contrast prints on the front.',76.00,'assets\\images\\products\\T-SHIRTS\\4274303250_6_2_1.jpg',_binary '\0',20,'2023-05-05 22:38:13.000000',NULL,8),(356,'1655','CONTRAST PRINTED T-SHIRT','T-shirt with a round neck and short sleeves. Contrast prints on the front and back. Faded effect and ripped details all over the garment.',86.00,'assets\\images\\products\\T-SHIRTS\\5584461250_2_2_1.jpg',_binary '\0',20,'2023-05-06 22:38:13.000000',NULL,8),(357,'1656','SKULL PRINT T-SHIRT','Oversize round neck sleeveless T-shirt. Contrast print on the front and back.',93.00,'assets\\images\\products\\T-SHIRTS\\5644301403_2_1_1.jpg',_binary '\0',20,'2023-05-07 22:38:13.000000',NULL,8),(358,'1657','PRINTED T-SHIRT','Loose-fitting short sleeve T-shirt with a round neckline and a contrast print on the front.',50.00,'assets\\images\\products\\T-SHIRTS\\6224297251_2_1_1.jpg',_binary '\0',20,'2023-05-08 22:38:13.000000',NULL,8),(359,'1658','T-SHIRT WITH EMBROIDERED SLOGAN','T-shirt with a round neckline and short sleeves. Embroidered contrast slogan on the front.',51.00,'assets\\images\\products\\T-SHIRTS\\6224298251_2_1_1.jpg',_binary '\0',20,'2023-05-09 22:38:13.000000',NULL,8),(360,'1659','ACID WASH T-SHIRT WITH SLOGAN','Loose-fitting T-shirt with a round neck and short sleeves. Contrast slogan print on the front.',51.00,'assets\\images\\products\\T-SHIRTS\\6224342712_2_1_1.jpg',_binary '\0',20,'2023-05-10 22:38:13.000000',NULL,8),(361,'1660','SHIRT WITH CONTRAST SLOGAN','Loose-fitting T-shirt featuring a round neck, short sleeves, a matching slogan print on the chest and a faded effect.',52.00,'assets\\images\\products\\T-SHIRTS\\6224343251_2_1_1.jpg',_binary '\0',20,'2023-05-11 22:38:13.000000',NULL,8),(362,'1661','T-SHIRT WITH CONTRAST SLOGANS','Loose-fitting T-shirt with a round neck and short sleeves. Contrast slogan prints on the front.',48.00,'assets\\images\\products\\T-SHIRTS\\6224345251_2_1_1.jpg',_binary '\0',20,'2023-05-12 22:38:13.000000',NULL,8),(363,'1662','SILVER PRINTED T-SHIRT','T-shirt with a round neckline and short sleeves. Contrast slogan print on the front and back.',96.00,'assets\\images\\products\\T-SHIRTS\\6224355710_2_1_1.jpg',_binary '\0',20,'2023-05-13 22:38:13.000000',NULL,8),(364,'1663','SLOGAN PRINT T-SHIRT','Loose-fitting T-shirt with a round neck and short sleeves. Featuring contrast slogan prints all over the garment.',52.00,'assets\\images\\products\\T-SHIRTS\\6224373800_2_1_1.jpg',_binary '\0',20,'2023-05-14 22:38:13.000000',NULL,8),(365,'1664','SLOGAN PRINT T-SHIRT','Round neck T-shirt with short sleeves. Contrast patch detail on the front. Contrast prints on the front and back.',61.00,'assets\\images\\products\\T-SHIRTS\\6224377044_2_1_1.jpg',_binary '\0',20,'2023-05-15 22:38:13.000000',NULL,8),(366,'1665','T-SHIRT WITH PRINTED GRAPHICS','Loose-fitting T-shirt with a round neck and short sleeves. Contrast prints on the front and sleeve.',92.00,'assets\\images\\products\\T-SHIRTS\\6224379600_2_1_1.jpg',_binary '\0',20,'2023-05-16 22:38:13.000000',NULL,8),(367,'1666','PRINTED SWEATSHIRT WITH SLOGAN','Sweatshirt with a round neck and short sleeves. Featuring a contrast print on the front.',67.00,'assets\\images\\products\\T-SHIRTS\\6224380800_2_1_1.jpg',_binary '\0',20,'2023-05-17 22:38:13.000000',NULL,8),(368,'1667','T-SHIRT WITH CONTRAST POCKET','Loose-fitting T-shirt with a round neck and short sleeves. Flap patch pocket on the chest.',90.00,'assets\\images\\products\\T-SHIRTS\\6224384712_2_1_1.jpg',_binary '\0',20,'2023-05-18 22:38:13.000000',NULL,8),(369,'1668','SWEATSHIRT WITH PRINTED SLOGANS','Sweatshirt with a round neck and short sleeves. Contrast prints on the front and back.',57.00,'assets\\images\\products\\T-SHIRTS\\6224385802_2_1_1.jpg',_binary '\0',20,'2023-05-19 22:38:13.000000',NULL,8),(370,'1669','SLOGAN PATCH T-SHIRT','Loose-fitting T-shirt with a round neck and short sleeves. Patch with slogan printed on the chest.',45.00,'assets\\images\\products\\T-SHIRTS\\6224386250_2_1_1.jpg',_binary '\0',20,'2023-05-20 22:38:13.000000',NULL,8),(371,'1670','PAPER PATCH SWEATSHIRT','Loose-fitting sweatshirt with a round neck and short sleeves. Patch on the front made of kraft paper with a printed slogan. Irregular finish with contrast topstitching detail.',60.00,'assets\\images\\products\\T-SHIRTS\\6224387611_2_1_1.jpg',_binary '\0',20,'2023-05-21 22:38:13.000000',NULL,8),(372,'1671','T-SHIRT WITH CONTRAST PATCH','T-shirt with a round neck and short sleeves. Featuring a contrast patch on the front.',63.00,'assets\\images\\products\\T-SHIRTS\\6224389700_6_2_1.jpg',_binary '\0',20,'2023-05-22 22:38:13.000000',NULL,8),(373,'1672','T-SHIRT WITH CONTRAST PATCH','Oversize round neck T-shirt with short sleeves. Contrast patch and prints on the front and back.',96.00,'assets\\images\\products\\T-SHIRTS\\6224390519_6_2_1.jpg',_binary '\0',20,'2023-05-23 22:38:13.000000',NULL,8),(374,'1673','EMBROIDERED TEXTURED T-SHIRT','T-shirt with a round neck and short sleeves. Contrast embroidery detail on the front.',77.00,'assets\\images\\products\\T-SHIRTS\\6224391807_6_2_1.jpg',_binary '\0',20,'2023-05-24 22:38:13.000000',NULL,8),(375,'1674','THE NOTORIOUS B.I.G. © BROOKLYN MINT T-SHIRT','T-shirt with a round neckline and short sleeves. Notorious B.I.G. © Brooklyn Mint, LLC contrast graphics on the front and back.',60.00,'assets\\images\\products\\T-SHIRTS\\6224392826_2_1_1.jpg',_binary '\0',20,'2023-05-25 22:38:13.000000',NULL,8),(376,'1675','SHIELD PRINT T-SHIRT','Round neck T-shirt featuring short sleeves with contrast trims and a front print.',57.00,'assets\\images\\products\\T-SHIRTS\\6224396251_2_1_1.jpg',_binary '\0',20,'2023-05-26 22:38:13.000000',NULL,8),(377,'1676','STRIPED T-SHIRT','Round neck T-shirt with long sleeves.',92.00,'assets\\images\\products\\T-SHIRTS\\6224397800_2_1_1.jpg',_binary '\0',20,'2023-05-27 22:38:13.000000',NULL,8),(378,'1677','EMBROIDERED T-SHIRT','T-shirt with a round neckline and short sleeves. Contrast embroidery detail on the front.',56.00,'assets\\images\\products\\T-SHIRTS\\6224399251_2_1_1.jpg',_binary '\0',20,'2023-05-28 22:38:13.000000',NULL,8),(379,'1678','CROPPED DENIM T-SHIRT','Boxy fit cropped T-shirt with a round neck and short sleeves. Irregular trims.',62.00,'assets\\images\\products\\T-SHIRTS\\6462321712_2_1_1.jpg',_binary '\0',20,'2023-05-29 22:38:13.000000',NULL,8),(380,'1679','CONTRAST DENIM T-SHIRT','Oversize denim T-shirt. Round neckline and short sleeves.',66.00,'assets\\images\\products\\T-SHIRTS\\6462353802_6_2_1.jpg',_binary '\0',20,'2023-05-30 22:38:13.000000',NULL,8),(381,'1680','VINTAGE FADED DENIM T-SHIRT','T-shirt made of lightweight denim. Featuring a round neckline, short sleeves and a vintage-effect fade.',82.00,'assets\\images\\products\\T-SHIRTS\\6674302822_2_1_1.jpg',_binary '\0',20,'2023-05-31 22:38:13.000000',NULL,8),(382,'1681','MICKEY MOUSE © DISNEY SWEATSHIRT','Loose-fitting short sleeve sweatshirt with a round neck. Mickey Mouse © Disney prints on the front and back.',51.00,'assets\\images\\products\\T-SHIRTS\\7627304400_2_1_1.jpg',_binary '\0',20,'2023-06-01 22:38:13.000000',NULL,8),(383,'1682','BUGS BUNNY ™ LOONEY TUNES T-SHIRT','Short sleeve T-shirt with a round neckline. Featuring Looney Tunes © Warner Bros. Entertainment Inc. prints on the front and back.',60.00,'assets\\images\\products\\T-SHIRTS\\8062339800_2_1_1.jpg',_binary '\0',20,'2023-06-02 22:38:13.000000',NULL,8);
/*!40000 ALTER TABLE `product` ENABLE KEYS */;
UNLOCK TABLES;

--
-- Table structure for table `product_category`
--

DROP TABLE IF EXISTS `product_category`;
/*!40101 SET @saved_cs_client     = @@character_set_client */;
/*!50503 SET character_set_client = utf8mb4 */;
CREATE TABLE `product_category` (
  `id` bigint NOT NULL AUTO_INCREMENT,
  `category_name` varchar(255) DEFAULT NULL,
  PRIMARY KEY (`id`)
) ENGINE=InnoDB AUTO_INCREMENT=9 DEFAULT CHARSET=utf8mb4 COLLATE=utf8mb4_0900_ai_ci;
/*!40101 SET character_set_client = @saved_cs_client */;

--
-- Dumping data for table `product_category`
--

LOCK TABLES `product_category` WRITE;
/*!40000 ALTER TABLE `product_category` DISABLE KEYS */;
INSERT INTO `product_category` VALUES (1,'BLAZERS'),(2,'JACKETS'),(3,'OVERSHIRTS'),(4,'POLO SHIRTS'),(5,'SHIRTS'),(6,'SWEATERS'),(7,'SWEATSHIRTS'),(8,'T-SHIRTS');
/*!40000 ALTER TABLE `product_category` ENABLE KEYS */;
UNLOCK TABLES;

--
-- Table structure for table `state`
--

DROP TABLE IF EXISTS `state`;
/*!40101 SET @saved_cs_client     = @@character_set_client */;
/*!50503 SET character_set_client = utf8mb4 */;
CREATE TABLE `state` (
  `id` int NOT NULL AUTO_INCREMENT,
  `name` varchar(255) DEFAULT NULL,
  `country_id` smallint unsigned NOT NULL,
  PRIMARY KEY (`id`),
  KEY `fk_country` (`country_id`),
  CONSTRAINT `fk_country` FOREIGN KEY (`country_id`) REFERENCES `country` (`id`)
) ENGINE=InnoDB AUTO_INCREMENT=240 DEFAULT CHARSET=utf8mb4 COLLATE=utf8mb4_0900_ai_ci;
/*!40101 SET character_set_client = @saved_cs_client */;

--
-- Dumping data for table `state`
--

LOCK TABLES `state` WRITE;
/*!40000 ALTER TABLE `state` DISABLE KEYS */;
INSERT INTO `state` VALUES (224,'Johor',1),(225,'Kedah',1),(226,'Kelantan',1),(227,'Melaka',1),(228,'Negeri Sembilan',1),(229,'Pahang',1),(230,'Perak',1),(231,'Perlis',1),(232,'Pulau Pinang',1),(233,'Sabah',1),(234,'Sarawak',1),(235,'Selangor',1),(236,'Terengganu',1),(237,'Kuala Lumpur',1),(238,'Labuan',1),(239,'Putrajaya',1);
/*!40000 ALTER TABLE `state` ENABLE KEYS */;
UNLOCK TABLES;
/*!40103 SET TIME_ZONE=@OLD_TIME_ZONE */;

/*!40101 SET SQL_MODE=@OLD_SQL_MODE */;
/*!40014 SET FOREIGN_KEY_CHECKS=@OLD_FOREIGN_KEY_CHECKS */;
/*!40014 SET UNIQUE_CHECKS=@OLD_UNIQUE_CHECKS */;
/*!40101 SET CHARACTER_SET_CLIENT=@OLD_CHARACTER_SET_CLIENT */;
/*!40101 SET CHARACTER_SET_RESULTS=@OLD_CHARACTER_SET_RESULTS */;
/*!40101 SET COLLATION_CONNECTION=@OLD_COLLATION_CONNECTION */;
/*!40111 SET SQL_NOTES=@OLD_SQL_NOTES */;

-- Dump completed on 2024-06-11 12:28:11
